Time (s),X (g),Y (g),Z (g)
0.000000000,0.008081861,-0.004703626,-0.03326815
0.020168304,-0.01111712,0.002004907,-0.008085668
0.040335178,0.008119412,-0.007694667,-0.02561158
0.060503006,-0.0003165249,-0.002555098,-0.01780504
0.080670834,-0.003254486,-0.00166139,-0.01634645
0.100838184,0.006509028,-0.0008582715,-0.02981317
0.121006012,-0.01307011,-4.846789E-05,-0.002345026
0.141173363,0.012459,-0.005608026,-0.02845025
0.161341190,-0.007245108,0.001621056,-0.009531498
0.181509018,0.003109509,-0.001896644,-0.02694958
0.201676369,0.001089534,0.002458721,-0.02734447
0.221844196,-0.002331551,0.0002782457,-0.01340705
0.239490509,0.004049579,-0.001980448,-0.01778084
0.259657860,0.0009974167,0.006296078,-0.02822804
0.279825687,-0.005218586,-0.003726076,-0.008675694
0.299993515,0.009852167,0.002590267,-0.03166032
0.320160866,-0.00925169,0.003431397,-0.002260089
0.340328693,0.008502092,-0.002286149,-0.03176844
0.360496044,-0.0009073839,0.00374365,-0.01815379
0.380663872,0.002420925,-0.2835174,0.2984065
0.400831699,0.01431016,0.210927,0.1526624
0.420999050,0.2273403,-0.5692062,-0.5601162
0.441166878,-0.005735759,0.0174615,-0.02100217
0.461334705,-0.005221661,-0.01353248,-0.01973629
0.481502056,0.06190971,-0.06084972,-0.2163312
0.501668930,-0.1263397,0.07143857,0.01280749
0.521836758,0.06648628,-0.01092267,2.861023E-05
0.539483547,0.0908262,0.01288554,-0.02062434
0.559651375,0.002842082,-0.0181134,-0.02298719
0.579818725,0.009165311,0.05010859,0.06248897
0.599986553,0.03448039,-0.003984293,0.05277497
0.620153427,0.03747725,-0.03917139,-0.02272856
0.640321731,0.05592631,-0.1589528,0.006613135
0.660489559,0.05431639,0.09847543,0.03050238
0.680656433,0.06132457,0.05536138,-0.03790331
0.700824261,-0.1183859,0.08851539,-0.01015854
0.720991611,-0.09147572,-0.06155406,-0.09327781
0.741159439,-0.2410153,0.09787573,-0.0703795
0.761327267,-0.1282274,0.144181,-0.05926502
0.781494617,-0.04592891,0.01114362,-0.01347971
0.801662445,-0.09297124,0.151047,0.06529492
0.821829796,-0.2551033,0.2402314,0.07055837
0.839476109,-0.1558334,0.1141434,0.06928337
0.859643936,-0.1011323,0.07685725,0.1209262
0.879812241,-0.1430629,0.03111131,0.01582921
0.899979115,-0.1065938,0.0115557,-0.01300126
0.920146942,-0.1137451,0.08241346,-0.006051838
0.940314293,-0.0952931,0.1454111,-0.04834789
0.960482121,-0.0651847,0.1571158,-0.04869217
0.980649948,-0.06730309,0.1438704,-0.06971335
1.000817299,-0.1000139,0.1189759,0.01813012
1.020985127,-0.1144082,-0.09000474,0.08320975
1.041152477,-0.04673442,-0.1251696,0.01397097
1.061320305,-0.03314605,-0.08005947,-0.09339598
1.081487656,0.006067216,-0.04349792,-0.1408201
1.101655483,-0.03122738,0.02264881,-0.1369366
1.121823311,0.07120848,0.09210294,-0.09751222
1.139469624,0.1240765,0.02766955,-0.1467533
1.159636974,-0.02859414,0.000593245,-0.1755004
1.179804802,-0.04368496,-0.06428683,-0.2006524
1.199972153,-0.008444965,0.004382014,-0.2111355
1.220139980,0.03105086,0.06105518,-0.357565
1.240307808,-0.07763302,0.03523737,-0.4609989
1.260475159,-0.1410643,0.08336776,-0.5138282
1.280642986,-0.172439,0.04330093,-0.4477
1.300809860,-0.1038291,0.00674054,-0.3192847
1.320978165,-0.0763855,-0.02437645,-0.3700933
1.341145992,-0.3071755,0.000158608,-0.3259006
1.361312866,-0.4163232,-0.1546648,-0.2900178
1.381480694,-0.3655201,-0.3016812,-0.1838979
1.401648044,-0.2906595,-0.3014373,-0.1487656
1.421815872,-0.1939259,-0.2322451,-0.1565828
1.439462662,-0.19292,-0.2055372,-0.1117153
1.459630489,-0.2634794,-0.138346,-0.0002843738
1.479797840,-0.3278627,-0.2114193,-0.09688437
1.499965668,-0.4408772,-0.1930136,0.01114863
1.520132542,-0.2399591,-0.1058402,0.2744612
1.540300369,-0.1131589,-0.1292293,0.3688835
1.560467720,-0.178537,-0.1772073,0.4503577
1.580635548,-0.1968888,-0.06530634,0.4667476
1.600803375,-0.02843571,0.1215065,0.4864258
1.620970726,0.2342514,0.1026756,0.6490798
1.641138554,0.1441463,0.08888426,0.5030136
1.661305904,-0.004739515,0.02401248,0.4546341
1.681473732,-0.003464833,-0.01129472,0.4414299
1.701641560,0.01204607,0.02802894,0.3543236
1.721808910,0.003744692,0.03974122,0.2919236
1.739455223,-0.002206266,-0.006419539,0.2489436
1.759623051,-0.183728,-0.01108217,0.205883
1.779790401,-0.299879,-0.002171397,0.2642678
1.799958229,-0.4505562,-0.11659,0.2950718
1.820126057,-0.3499662,-0.2485795,0.1824883
1.840293407,-0.3499383,-0.2564645,0.2156366
1.860461235,-0.4814811,-0.2440399,0.2770509
1.880628586,-0.5653495,-0.2792656,0.1786921
1.900796413,-0.6259703,-0.3555393,0.2241706
1.920963287,-0.5512905,-0.4891815,0.20966
1.941131592,-0.5792352,-0.4119011,0.06746475
1.961299419,-0.5231086,-0.4021396,0.2310953
1.981466293,-0.4259776,-0.2131476,0.1808848
2.001634121,-0.3433643,0.08835411,0.03105966
2.021801472,-0.2459347,0.1132923,-0.2565584
2.039448261,-0.2236623,0.1090548,0.02507283
2.059616089,-0.1773027,0.1285046,0.006780514
2.079783916,-0.1986764,0.1609935,0.0442991
2.099951267,-0.2556927,0.167592,-0.004272923
2.120119095,-0.1609851,0.2561909,-0.04370154
2.140285969,-0.1041436,0.2807899,-0.0756238
2.160453796,-0.1394522,0.2214512,-0.1943133
2.180621147,-0.1611399,0.1944906,-0.1561747
2.200788975,-0.1270443,0.1916972,-0.2565533
2.220956802,-0.1858764,0.2433518,-0.4119519
2.241124153,-0.1757328,0.2453187,-0.262775
2.261291981,-0.09674482,0.2215366,-0.07219427
2.281459332,-0.1186321,0.37324,-0.09012124
2.301627159,-0.0987155,0.3665237,-0.03895381
2.321794987,-0.04776096,0.2832344,0.06782353
2.339441776,0.003018424,0.261752,-0.01029223
2.359608650,0.0198679,0.332594,0.09838104
2.379776478,0.01675069,0.4652454,0.09058291
2.399943828,0.1151828,0.6158641,0.144277
2.420111656,0.1612614,0.7454537,0.118504
2.440279484,0.207796,0.7879701,0.1003879
2.460446834,0.2617165,0.6302463,0.0327391
2.480614662,0.1270678,0.5040467,-0.05091262
2.500782013,0.1040734,0.3967646,-0.06122917
2.520949840,0.1237665,0.3435217,-0.02789676
2.541117191,0.1001674,0.3247818,-0.06908852
2.561285019,0.1099997,0.3456696,0.004618526
2.581452846,0.2094515,0.2788026,0.01434439
2.601619720,0.04968788,0.4125577,0.0256151
2.621788025,-0.01445142,0.5187171,-0.04710358
2.639434338,0.03761151,0.4237335,-0.03906733
2.659601688,0.1066305,0.3081497,-0.06608051
2.679769516,0.2933366,0.1855323,-0.08104736
2.699937344,0.07455701,0.1788706,0.03398573
2.720104694,-0.0001920238,0.2917881,0.06056416
2.740272522,0.08652727,0.1852958,0.01959139
2.760439396,0.1305799,0.1741814,0.06471533
2.780607700,0.0884859,0.179895,0.1324518
2.800774574,0.06755502,0.1752766,0.07681537
2.820942402,0.007876903,0.6272076,0.6928443
2.841110229,-0.03667487,0.07554615,0.0614962
2.861277580,-0.03061028,0.03528935,0.00825268
2.881445408,-0.006871551,0.04302186,0.01719445
2.901612759,-0.04968455,0.1131617,0.09362519
2.921780586,-0.005377248,0.08968419,0.05774689
2.939427376,-0.1218696,0.07518393,0.06873673
2.959595203,-0.1578367,0.1119899,0.03883028
2.979762077,-0.1899141,0.009422898,0.1484458
2.999929905,-0.1512062,-0.1698155,0.1071401
3.020097256,-0.1035686,-0.2747318,0.097965
3.040265083,-0.16397,-0.3384536,0.5294973
3.060432434,-0.05432022,-0.269424,0.4312519
3.080600262,-0.2583883,-0.09936529,0.2578437
3.100768089,-0.2663229,-0.04489306,0.2734398
3.120935440,-0.1933039,-0.2334509,0.3033752
3.141103268,-0.2869479,-0.2877358,0.285525
3.161270618,-0.3549516,-0.1607338,-0.01739013
3.181438446,-0.2397418,-0.114531,0.2639365
3.201605320,-0.2200774,-0.07742121,0.1849216
3.221773624,-0.3156499,-0.01692037,0.1245533
3.239419937,-0.3009466,-0.0861789,0.08584863
3.259587765,-0.4064493,-0.1395257,0.04614943
3.279755116,-0.4257374,-0.1786077,0.01964742
3.299922943,-0.3902755,-0.4461262,0.08124483
3.320090294,-0.5044709,-0.1973781,-0.0794965
3.340258121,-0.4995128,-0.3114173,-0.0811837
3.360425949,-0.561488,-0.3631297,-0.04367945
3.380593300,-0.5205543,-0.3095772,-0.1240202
3.400761127,-0.502271,-0.2252295,-0.08145389
3.420928001,-0.3894547,-0.2302167,-0.02942228
3.441095829,-0.3571029,-0.1881812,0.0273045
3.461263180,-0.3355966,-0.1071813,0.08633336
3.481431007,-0.2952817,-0.04545885,0.1417414
3.501598358,-0.284584,-0.09429306,0.5831216
3.521766186,-0.2363381,0.1221034,0.2030849
3.539412975,-0.1063378,0.2090074,0.1163954
3.559580803,-0.05959466,0.1891825,0.1322113
3.579747677,-0.07297104,0.2153583,0.1167278
3.599915504,-0.09095663,0.2440816,0.1376637
3.620082855,-0.1235649,0.2832072,0.07999951
3.640250683,-0.1221766,0.1898654,0.07768941
3.660418510,-0.1355355,0.1020314,0.1284699
3.680585861,-0.1425172,0.1211085,0.1131921
3.700753689,-0.1649688,0.1289053,0.1022919
3.720921040,-0.2511523,0.125868,0.08183616
3.741088867,-0.2972648,0.1330261,0.07834995
3.761256218,-0.3065612,0.1330435,0.1122848
3.781424046,-0.3145097,0.1313478,0.07107031
3.801591873,-0.3085981,0.1176839,0.08411163
3.821758747,-0.3015234,0.1756737,0.1347804
3.839405537,-0.2981642,0.2721469,0.1257661
3.859573364,-0.3214139,0.4296883,0.1155903
3.879740715,-0.3063904,0.5628176,0.1422355
3.899908543,-0.3200122,0.6981628,0.13822
3.920076370,-0.3301885,0.7859957,0.1641675
3.940243721,-0.1843488,0.7521496,0.1735624
3.960411549,-0.08733076,0.7044336,0.09682196
3.980578423,-0.135825,0.778878,0.1659824
4.000746727,-0.06458372,0.6985299,0.1636468
4.020913601,-0.05702174,0.6655614,0.1684965
4.041081429,-0.1320269,0.6292273,0.2311563
4.061249256,-0.1091831,0.608351,0.1921206
4.081416607,-0.09139687,0.602546,0.2319584
4.101584435,-0.07458088,0.6052277,0.2231482
4.121751785,-0.06218323,0.5407588,0.2718382
4.139398098,-0.04540074,0.4103751,0.3055922
4.159566402,0.04178083,0.3029119,0.3761137
4.179733276,0.1717556,0.2213688,0.5138898
4.199901104,0.1264761,0.2076169,0.5050247
4.220068932,0.1428472,0.187917,0.3875012
4.240236282,0.06725501,0.2143926,0.3540912
4.260404110,-0.02069371,0.1868902,0.4040929
4.280571461,-0.1413273,0.03302181,0.3443705
4.300739288,-0.2613161,0.008713305,0.3599641
4.320906639,-0.4360648,-0.04358935,0.3366787
4.341074467,-0.4113587,-0.1916865,0.2740248
4.361241817,-0.4768009,-0.3333336,0.1942669
4.381409645,-0.2748232,-0.3570206,0.221385
4.401577473,-0.1553255,-0.226119,0.2783932
4.421744346,-0.1241826,-0.08836097,0.2808268
4.439391136,-0.1396759,-0.001669049,0.266901
4.459558964,-0.1851961,-0.003446281,0.2278451
4.479726314,0.1779532,-0.3453155,0.7133272
4.499894142,-0.2843694,-0.1929583,0.04047596
4.520061493,-0.3055571,-0.0761953,-0.07144189
4.540229320,-0.2124611,-0.07891852,0.1534194
4.560397148,-0.3963639,-0.1638971,0.13016
4.580564022,-0.3624672,-0.2932563,0.1605582
4.600732326,-0.3130997,-0.3548905,0.1843188
4.620899200,-0.2558472,-0.2944077,0.08328837
4.641067028,-0.1954859,-0.2708553,0.1472401
4.661234379,-0.314178,-0.2287006,0.1143293
4.681402206,-0.4206692,-0.1954713,0.05792648
4.701569557,-0.465258,-0.2356499,0.06404066
4.721737385,-0.4426822,-0.2007158,0.1170741
4.739383697,-0.3921712,-0.2500633,0.07576749
4.759552002,-0.3607995,-0.104837,0.1185102
4.779718876,-0.3520159,-0.1223295,0.2964661
4.799886703,-0.3647333,0.08607328,0.1318414
4.820054054,-0.3463757,0.06068707,0.09392592
4.840221882,-0.3550068,0.04739684,0.08291861
4.860389233,-0.329991,-0.03465021,0.05777654
4.880557060,-0.3151794,-0.08612192,0.003411591
4.900724888,-0.2575192,-0.1525953,-0.05740127
4.920892239,-0.2415009,-0.01056695,-0.01690708
4.941060066,0.02690697,-0.2944022,0.1411142
4.961227417,0.125779,-0.2602816,0.1055822
4.981395245,0.1148832,-0.1804909,0.1130421
5.001562119,0.1975083,-0.0569548,0.1599824
5.021729946,0.2663838,-0.03905499,0.2629691
5.039376736,0.1588807,0.01731765,0.2959954
5.059544563,-0.04520599,0.2207614,0.2478088
5.079711914,-0.0595232,0.242623,0.2226946
5.099879742,-0.1095003,0.1659641,0.2197903
5.120047092,-0.1334105,0.07024407,0.1871951
5.140214920,-0.2046441,0.06649268,0.1446863
5.160381794,-0.2361399,0.07248139,0.100996
5.180549622,-0.1685284,-0.04316378,0.1377211
5.200716972,-0.1893948,-0.09451205,0.1535174
5.220884800,-0.3141248,-0.06916028,0.1864161
5.241052151,-0.2863047,-0.05512017,0.160674
5.261219978,-0.2494758,-0.07071465,0.1984854
5.281387329,-0.1688301,-0.08897102,0.279246
5.301555157,-0.1490505,-0.01094902,0.3054447
5.321722984,-0.2329268,0.1766779,0.2594887
5.339369297,-0.25567,0.267526,0.2359727
5.359536648,-0.2074855,0.3273852,0.2777907
5.379704475,-0.1855845,0.3424427,0.3663201
5.399871826,-0.1520163,0.3439686,0.3267696
5.420039654,-0.1464188,0.3751783,0.2960064
5.440207004,-0.1496699,0.4278407,0.242854
5.460374832,-0.2341442,0.4209494,0.2219708
5.480541706,-0.2486649,0.3764607,0.2575281
5.500710010,-0.2698859,0.3738785,0.21233
5.520877838,-0.2921724,0.4317095,0.146295
5.541044712,-0.2807329,0.4193362,0.08710974
5.561212540,-0.2241226,0.4627821,0.06890203
5.581379890,-0.1608139,0.3433568,0.1500272
5.601547718,-0.06024134,0.1653885,0.1555332
5.621715069,-0.02955765,-0.01351559,0.2180239
5.639361381,-0.06610754,0.06108493,0.181504
5.659529686,-0.1493191,0.1816294,0.2048001
5.679696560,-0.1149238,0.1896724,0.02988288
5.699864387,-0.02225471,0.1505721,-0.009822482
5.720031738,0.07598487,0.1570328,-0.009839215
5.740199566,0.1654622,0.203636,-0.01481264
5.760367393,0.1760207,0.3034636,0.02371605
5.780534744,0.2235129,0.3070965,0.03340498
5.800702572,0.2354028,0.2540862,0.1124371
5.820869923,0.3296907,0.2679564,0.0569637
5.841037750,0.2847862,0.1788496,0.2986585
5.861205101,0.2260501,-0.0684545,0.260798
5.881372929,0.1830823,-0.04531586,0.217487
5.901539803,0.2271027,-0.1215888,0.2812615
5.921707630,0.2176212,-0.08046114,0.2341536
5.939354420,0.1822847,-0.04555804,0.2218043
5.959522247,0.04849689,-0.02613646,0.1784561
5.979689598,-0.091187,-0.1092008,0.1401216
5.999857426,-0.1671023,-0.1532592,0.09906256
6.020024776,-0.1390303,-0.1070259,0.09395063
6.040192604,-0.05019931,-0.07542473,0.1171548
6.060359478,-0.01814811,-0.02987587,0.1158903
6.080527306,-0.07326223,-0.05459237,0.1583312
6.100694656,-0.1143394,-0.08175194,0.1048016
6.120862484,-0.148109,-0.06186253,0.1455237
6.141029835,-0.08761849,-0.0494377,0.1813295
6.161197662,-0.02527557,-0.02805126,0.2181709
6.181365013,-0.1256849,-0.06767887,0.2075404
6.201532841,0.03424321,-0.2524198,0.4533336
6.221700192,-0.1957421,-0.142436,0.1798794
6.239346504,-0.2624708,-0.06491691,0.2025675
6.259514332,-0.2342978,-0.2299833,0.2873654
6.279682159,-0.2772233,-0.2339262,0.30483
6.299849510,-0.1182733,-0.1638203,0.4054386
6.320017338,-0.04471606,-0.2020698,0.3384354
6.340184688,0.04973412,-0.0134975,0.3537342
6.360352516,-0.06159073,-0.1098285,0.3030748
6.380519867,-0.07110465,-0.1534494,0.3091466
6.400687694,-0.1665292,-0.04770713,0.2182907
6.420854568,-0.1255899,-0.05773577,0.2266512
6.441022396,-0.06261623,-0.1088692,0.2400663
6.461189747,-0.04762894,-0.149476,0.226813
6.481357574,0.02434081,-0.1515441,0.2304346
6.501524925,0.01561093,-0.1990653,0.2282918
6.521692753,0.04109168,-0.2110412,0.2743571
6.539339542,-0.008129954,-0.2703572,0.3083748
6.559506416,0.004062653,-0.2299501,0.2837292
6.579674244,-0.04900295,-0.2510512,0.218486
6.599841595,-0.0795505,-0.1719495,0.2416514
6.620009422,-0.07759738,-0.1315489,0.2965655
6.640177250,-0.07720429,-0.08636689,0.2585034
6.660344601,-0.0299679,-0.03065312,0.302162
6.680512428,-0.05840057,-0.01757014,0.2412929
6.700679779,-0.05446959,0.0573222,0.3031633
6.720847607,-0.0748983,0.05541146,0.3615846
6.741014957,-0.08791131,0.0522669,0.2971746
6.761182785,-0.1939908,0.0212521,0.2633641
6.781349659,-0.2487182,-0.002877474,0.2536026
6.801517487,-0.2681105,-0.06528932,0.192491
6.821684837,-0.3680598,-0.02836943,0.1996109
6.839331627,-0.340614,-0.1495184,0.2241251
6.859499454,-0.4306479,-0.1457609,0.1696582
6.879666328,-0.5295401,-0.1334413,0.03691646
6.899834633,-0.503576,-0.1746113,0.0136449
6.920001507,-0.3709385,-0.3272675,0.1074015
6.940169334,-0.3684902,-0.3149142,0.129021
6.960336685,-0.3888018,-0.2976317,0.1680391
6.980504513,-0.388934,-0.1548866,0.2075165
7.000671864,-0.4006917,-0.02900368,0.2248733
7.020839691,-0.2735694,0.05776572,0.1958072
7.041007042,-0.2144116,0.1690795,0.1937646
7.061174870,-0.2093393,0.2186088,0.2067439
7.081341743,-0.1666203,0.227236,0.1619672
7.101510048,-0.1329228,0.3097903,0.175204
7.121676922,-0.09692968,0.4387342,0.2197291
7.139323711,-0.02565896,0.4314078,0.2826555
7.159491539,-0.0116279,0.4442302,0.2708193
7.179659367,-0.01527053,0.4818076,0.2417113
7.199826717,0.02698189,0.5485556,0.2088326
7.219994545,0.08185887,0.5355885,0.1474956
7.240161419,0.134285,0.4927211,0.1824508
7.260329723,0.1318137,0.4640546,0.1948571
7.280496597,0.134091,0.4613543,0.1767901
7.300664425,0.07632148,0.4471223,0.1563921
7.320831776,0.02014172,0.3498372,0.1118389
7.340999603,-0.0623889,0.3080918,0.1014714
7.361166954,-0.1904217,0.2680369,0.05319005
7.381334782,-0.3032937,0.2729887,0.07393791
7.401502132,-0.3605099,0.3223042,0.004217898
7.421669960,-0.4646053,0.3636917,0.04593063
7.441836834,-0.5370899,0.4111039,-0.02361833
7.459483623,-0.5513477,0.3974335,0.06571224
7.479651451,-0.5318776,0.3439709,-0.05998313
7.499818802,-0.5598183,0.5065742,-0.05711505
7.519986629,-0.5240882,0.522727,0.06564772
7.540153503,-0.4912029,0.5229139,0.08740874
7.560321808,-0.4552056,0.5063212,0.101033
7.580488682,-0.4579282,0.4656129,0.08664012
7.600656509,-0.3703974,0.3403425,0.3032393
7.620823860,-0.1617342,0.2353658,0.3336925
7.640991688,-0.2235035,0.3400092,0.3691777
7.661159038,-0.2230146,0.3188323,0.3666682
7.681326866,-0.2137765,0.2405879,0.3378992
7.701494217,-0.08112569,0.1145967,0.3778315
7.721662044,0.1785151,0.1025091,0.4053575
7.741828918,0.3115202,0.07420063,0.5207256
7.759475708,0.2846226,-0.03327119,0.5558754
7.779643536,0.1911661,-0.07694089,0.5785587
7.799810886,0.1166114,-0.1477463,0.491549
7.819978714,0.1571211,-0.2537975,0.4692676
7.840146065,0.1013346,-0.3421322,0.3939897
7.860313892,0.0447505,-0.3666939,0.3871758
7.880480766,-0.04322222,-0.375667,0.3431213
7.900648594,-0.04994668,-0.2737406,0.3321763
7.920815945,-0.07290275,-0.230046,0.3558376
7.940983772,-0.1061227,-0.1772966,0.4082197
7.961151123,-0.09562882,-0.156255,0.4449506
7.981318951,-0.06488429,-0.1066788,0.4513559
8.001486301,-0.08968182,-0.07903356,0.5095046
8.021654129,-0.1637323,-0.08238324,0.4944222
8.039300442,-0.1984547,-0.1610932,0.5119606
8.059467793,-0.2711573,-0.2126882,0.5163198
8.079635620,-0.3295413,-0.239987,0.5322099
8.099802971,-0.335423,-0.1988229,0.5032752
8.119970799,-0.3552343,-0.1688503,0.4711105
8.140138149,-0.351722,-0.120106,0.4108139
8.160305977,-0.3315181,-0.07908012,0.3689528
8.180472851,-0.4140843,-0.08664884,0.2658833
8.200641155,-0.3615912,-0.0342332,0.452691
8.220808029,-0.3265715,-0.1252455,0.3057552
8.240975857,-0.2882009,-0.06452954,0.3964078
8.261143208,-0.2763472,-0.07344028,0.3066088
8.281311035,-0.3071907,0.05471385,0.2899608
8.301478386,-0.3964477,0.1422731,0.2732061
8.321646214,-0.3706792,0.1342293,0.2891695
8.341813564,-0.3459219,0.1155169,0.07816023
8.359459877,-0.3941457,-0.07499497,0.3292896
8.379627704,-0.5067727,-0.09584075,0.390522
8.399795055,-0.5164541,-0.1709009,0.3728662
8.419962883,-0.5298772,-0.1784639,0.4283808
8.440130234,-0.5304818,-0.1736624,0.4323529
8.460297108,-0.5144948,-0.2412729,0.3008208
8.480465412,-0.5854169,-0.192564,0.2963303
8.500632286,-0.5528247,-0.08886617,0.3309629
8.520800114,-0.3520435,0.009486496,0.3677001
8.540967464,-0.2156209,0.03521937,0.3995006
8.561135292,-0.04947032,0.1112859,0.4603831
8.581302643,-0.09700215,0.3786322,0.4858519
8.601470470,-0.1619687,0.6230435,0.4223425
8.621637821,-0.08828998,0.7019277,0.436669
8.641805649,0.08412108,0.7485452,0.371206
8.659451961,0.1930323,0.7215189,0.3503668
8.679619312,0.2507399,0.5831623,0.2830604
8.699787140,0.1876185,0.422369,0.2511206
8.719954491,0.1079576,0.3711493,0.1613863
8.740122318,0.05975676,0.386956,0.1373678
8.760289669,0.04618764,0.3708305,0.1127804
8.780457497,0.02962935,0.3102906,0.1552182
8.800624371,0.04077417,0.2425044,0.1880291
8.820792198,0.04268861,0.2068978,0.1991557
8.840959549,0.0152604,0.1363866,0.2757393
8.861127377,-0.01273245,0.1157569,0.249634
8.881294727,-0.01089615,0.01879609,0.1605358
8.901462555,-0.08409625,0.1209337,0.1826026
8.921629906,-0.1274555,0.1011663,0.1854265
8.939276218,-0.2003964,0.1192488,0.1709327
8.959444046,-0.2514252,0.1424801,0.2097822
8.979611397,-0.2951242,0.1281284,0.02673252
8.999778748,-0.3331504,0.2523512,0.08705972
9.019946575,-0.4094517,0.2834553,0.09633901
9.040113926,-0.4248343,0.3030311,-0.002851009
9.060281754,-0.5115824,0.4518142,0.0576973
9.080448627,-0.5593068,0.5565472,0.01926696
9.100616455,-0.6644818,0.5649298,0.04122368
9.120783806,-0.6541826,0.532442,0.121832
9.140951633,-0.5804508,0.4331342,0.1901017
9.161118984,-0.4645139,0.3888427,0.3164014
9.181286812,-0.3257568,0.3861268,0.5027015
9.201454163,-0.3699982,0.005768895,0.583618
9.221621990,-0.4629127,-0.1488639,0.4253902
9.241788864,-0.344926,-0.3061631,-0.04266726
9.259435654,-0.05379069,-0.1608471,0.2489219
9.279603481,-0.009276073,-0.0150553,0.2771597
9.299770832,0.03684615,0.1115183,0.2716925
9.319938660,0.05887365,0.06737602,0.2477562
9.340106010,0.001201969,-0.0419271,0.2672043
9.360272884,-0.1180013,-0.0845294,0.2234874
9.380440712,-0.03998751,-0.1667342,0.2245058
9.400608063,0.08003592,-0.2203761,0.2180611
9.420775890,0.1798433,-0.198015,0.2004334
9.440943241,0.242623,-0.1945654,0.1852306
9.461111069,0.23957,-0.1341471,0.2214962
9.481278419,0.1969023,-0.1201419,0.2303302
9.501446247,0.1900073,-0.1514816,0.2377553
9.521613121,0.1279815,-0.1632338,0.2298744
9.541781425,0.01324528,-0.1237819,0.3119934
9.559427738,-0.06791747,-0.1259932,0.297815
9.579595089,-0.1220561,-0.193644,0.2765123
9.599762916,-0.1631736,-0.2309111,0.2328284
9.619930267,-0.1686482,-0.2208281,0.2088777
9.640098095,-0.1902619,-0.1906137,0.2656243
9.660264969,-0.2482915,-0.1624796,0.2802339
9.680432320,-0.1956073,-0.1497301,0.2640648
9.700600147,-0.1820464,-0.163435,0.2235389
9.720767498,-0.1970523,-0.1661431,0.2019932
9.740935326,-0.2154745,-0.1912382,0.1837456
9.761102676,-0.319118,-0.2457476,0.2482106
9.781270504,-0.2961652,-0.1109535,0.2174834
9.801437378,-0.2543749,-0.090992,0.1893362
9.821605682,-0.1776665,-0.08940455,0.2042766
9.841772556,-0.2502998,-0.1229714,0.181936
9.859419346,-0.2148938,-0.1133707,0.1916462
9.879587173,-0.1543988,-0.1068379,0.2210473
9.899754524,-0.1227738,-0.0533852,0.2246433
9.919921398,-0.06333196,-0.03982857,0.2139184
9.940089226,-0.04082817,-0.0601895,0.2320365
9.960256577,-0.07037455,-0.04201543,0.1726285
9.980424404,-0.09566033,-0.02107084,0.1775222
10.000591755,-0.08946359,0.01117074,0.1286172
10.020759583,-0.1833894,-0.05385828,0.1965137
10.040926933,-0.2067518,-0.07908993,0.2108591
10.061094761,-0.2029151,-0.06921059,0.2024183
10.081261635,-0.2299327,-0.06331271,0.1297169
10.101429939,-0.2588918,-0.08169526,0.05330555
10.121596813,-0.2520112,-0.09204364,0.09781294
10.141764164,-0.2358529,-0.09329844,0.1381578
10.159411430,-0.2691079,-0.09625971,0.1378615
10.179578781,-0.2835979,-0.03850985,0.1283831
10.199745655,-0.250804,-0.005794168,0.1347156
10.219913483,-0.2063269,-0.01682985,0.154195
10.240080833,-0.2091359,0.01155263,0.1359986
10.260248661,-0.2050164,0.04763186,0.1141881
10.280416012,-0.1646732,0.1015133,0.1161729
10.300583839,-0.2170794,0.1066024,0.1101956
10.320751190,-0.1286386,0.09154838,0.1145936
10.340919018,-0.1224758,0.09123093,0.1516546
10.361085892,-0.09574592,0.1631111,0.1348385
10.381253242,-0.123399,0.1518381,0.1197108
10.401421070,-0.1223578,0.1543745,0.1393055
10.421588421,-0.106248,0.1122987,0.1038732
10.441756248,-0.05331001,0.1096535,0.1028649
10.459403038,-0.00573802,0.1027125,0.1499045
10.479569912,-0.005342275,0.1133221,0.1250408
10.499737739,-0.0005706251,0.09914637,0.0509007
10.519905090,-0.01795328,0.08346146,0.1445483
10.540072918,-0.04228047,0.1248363,0.09643549
10.560240269,-0.05841872,0.1242111,0.05721164
10.580407619,-0.07683802,0.1688012,0.1598817
10.600575447,-0.02823213,0.1681991,0.1289701
10.620742321,-0.0668349,0.1463419,0.15271
10.640910149,-0.1047561,0.0808441,0.1905224
10.661077499,-0.05177879,0.1230438,0.2409078
10.681245327,-0.03094071,0.1565178,0.2268199
10.701412678,-0.1071565,0.1084045,0.304001
10.721580505,-0.1455259,0.09981534,0.3154877
10.741747856,-0.1225544,0.2501746,0.2680167
10.759394169,-0.1420929,0.3743327,0.1675865
10.779561520,-0.1669125,0.4074309,0.148618
10.799729347,-0.2576954,0.5161481,0.1585733
10.819896698,-0.2632266,0.5029012,-0.0511434
10.840064526,-0.2562184,0.30231,-0.05778407
10.860231876,-0.223992,0.286901,-0.01123236
10.880399704,-0.1915085,0.2633221,-0.04413693
10.900566578,-0.195692,0.1757131,-0.1655599
10.920733929,-0.3157747,0.1680587,-0.02653092
10.940901756,-0.3764178,0.1622894,-0.07468826
10.961069107,-0.2557871,-0.06259266,0.03923482
10.981236935,-0.2817032,-0.1090592,0.1126505
11.001404285,-0.1955898,-0.01826191,-0.05820188
11.021572113,-0.1967351,-0.07457632,-0.2895831
11.041738987,-0.2327197,0.04813951,-0.1220315
11.059385777,-0.2363677,0.05172449,0.01494372
11.079553604,-0.2614819,0.1450533,-0.06292456
11.099720955,-0.2244129,0.1653905,-0.1761352
11.119887829,-0.2170119,0.2406766,-0.2338262
11.140056133,-0.2310013,0.2248237,-0.1040035
11.160223007,-0.2156102,0.1533642,-0.07566863
11.180390835,-0.1131897,0.1810063,0.1375035
11.200558186,-0.1750133,0.1603292,0.2457845
11.220726013,-0.1877702,0.01900721,0.2535082
11.240893364,-0.08533376,-0.01962489,0.08413815
11.261060715,-0.1813475,-0.01799816,-0.05562711
11.281228542,-0.004559398,-0.03900874,-0.2102975
11.301395416,-0.09371436,-0.1861116,0.1923226
11.321563244,-0.07000062,-0.09079844,0.1586909
11.341730594,-0.09844199,-0.05214387,-0.02818722
11.359377384,-0.1031461,-0.04936969,0.004515588
11.379545212,-0.005534433,-0.2199867,0.01185626
11.399712086,0.1005825,-0.2432599,-0.03272545
11.419880390,-0.01316071,-0.2048981,0.1939936
11.440047264,-0.09501018,-0.2718424,0.3005241
11.460214615,-0.1029525,-0.2851195,0.3032267
11.480382442,-0.2004334,-0.3216851,0.3612382
11.500549793,-0.2369247,-0.3713713,0.3811399
11.520717621,-0.2401935,-0.3713139,0.4075894
11.540884495,-0.2739668,-0.3124217,0.3523862
11.561052799,-0.2924751,-0.3501175,0.08620891
11.581219673,-0.2689758,-0.723645,-0.125571
11.601387024,-0.1325251,-0.8932493,-0.4772246
11.621554851,-0.2223269,-0.6505541,-0.4016204
11.641722202,-0.276437,-0.4447865,-0.2526
11.659368515,-0.2519947,-0.3278046,-0.1625965
11.679536343,-0.3750839,-0.2605085,-0.023554
11.699703693,-0.3915545,-0.1906967,0.08375889
11.719871521,-0.4777402,0.04101515,0.1300991
11.740038872,-0.5551915,-0.1269764,0.1880065
11.760206222,-0.5741513,-0.1723359,0.1515879
11.780374050,-0.4861614,-0.307557,0.0368374
11.800540924,-0.4419017,-0.275876,-0.1443482
11.820708752,-0.4851213,-0.1625628,-0.2119972
11.840876102,-0.5289696,-0.08290792,-0.2795517
11.861043930,-0.5724608,-0.04908699,-0.2958655
11.881211281,-0.5622501,-0.02733004,-0.3215332
11.901378632,-0.6359878,-0.04724371,-0.3171957
11.921546459,-0.7005682,-0.03366053,-0.3368872
11.941713333,-0.6488979,-0.01514888,-0.4491433
11.959360123,-0.6267717,-0.09304863,-0.4433494
11.979527950,-0.6331065,0.08805484,-0.3236017
11.999695301,-0.5900747,0.1807849,-0.2562114
12.019863129,-0.5389328,0.2669762,-0.1560773
12.040030479,-0.4601471,0.3581344,0.02775723
12.060197353,-0.3569665,0.2786811,-0.009447992
12.080365181,-0.252529,0.09217091,-0.08880812
12.100532532,-0.2550164,-0.005694553,-0.1465055
12.120700359,-0.3357938,-0.1321905,-0.1138728
12.140867710,-0.5839401,-0.1976754,-0.03043127
12.161035538,-0.7646275,-0.1852314,0.07564807
12.181202889,-0.7227327,-0.1269878,0.3182247
12.201369762,-0.5005352,-0.1191237,0.43453
12.221537590,-0.3755127,-0.066188,0.5192522
12.241704941,-0.271943,0.02118237,0.6752887
12.259351730,-0.2429198,0.1132218,0.7843488
12.279519558,-0.2444658,0.0852506,0.941528
12.299686432,-0.1828623,0.165849,0.9928699
12.319853783,-0.08371919,0.1701099,0.8831177
12.340021610,-0.08754759,0.117983,0.6870936
12.360188961,-0.0924051,0.04768762,0.5322424
12.380356788,-0.1005276,0.07994151,0.5360565
12.400524139,-0.09549124,0.1920049,0.4783192
12.420691967,-0.07265396,0.2434686,0.4637907
12.440859318,-0.09705128,0.3313164,0.4286508
12.461026192,-0.1678501,0.4069716,0.3806162
12.481194019,-0.2373809,0.3568105,0.2989328
12.501361370,-0.2892916,0.3965297,0.3474028
12.521529198,-0.3021328,0.5510696,0.3596249
12.541696548,-0.3738719,0.7454529,0.4128239
12.559342861,-0.3752894,0.8072966,0.5270385
12.579510212,-0.3990784,0.7695894,0.7331519
12.599678039,-0.6485009,0.6804048,0.8935371
12.619845390,-0.8779567,0.6907988,0.9919472
12.640013218,-0.9378943,0.4419947,1.069674
12.660180569,-0.7936,0.05018485,0.9689013
12.680348396,-0.6389494,-0.1959717,0.8845772
12.700515270,-0.7234213,-0.4973662,0.5556982
12.720682621,-0.6278639,-0.6219894,0.2444031
12.740850449,-0.6236569,-0.6327204,0.03230083
12.761017799,-0.7288179,-0.5300207,-0.1160666
12.781185627,-0.7825726,-0.4971354,-0.2417949
12.801352978,-0.8542197,-0.4507346,-0.3308031
12.821519852,-0.8729051,-0.4519346,-0.4412201
12.841688156,-0.9358695,-0.4424291,-0.5307482
12.859334469,-0.9803228,-0.5084891,-0.488451
12.879501820,-0.9631957,-0.5781548,-0.5920088
12.899669647,-0.974766,-0.6056794,-0.6386451
12.919836998,-1.026642,-0.673774,-0.6950982
12.940003872,-1.09512,-0.6261069,-0.4134035
12.960171700,-1.237462,-0.5096072,-0.3398043
12.980339050,-1.406767,-0.5229088,-0.2353089
13.000506878,-1.47528,-0.5187041,0.04977828
13.020674229,-1.500489,-0.4043722,0.2031684
13.040841579,-1.360871,-0.3030746,0.5428551
13.061009407,-1.157232,0.05275905,0.8074191
13.081176281,-0.7655656,0.3321925,1.072466
13.101344109,-0.3404379,0.4772815,1.351133
13.121511459,-0.05846952,0.5316838,1.389921
13.141679287,-0.07204209,0.3818645,1.318576
13.159326077,-0.2533296,0.3193058,1.258039
13.179492950,-0.3549185,0.5242777,1.182127
13.199660301,-0.4699057,0.7367592,1.131268
13.219828129,-0.5187408,1.14155,1.04064
13.239995480,-0.5460128,1.268803,0.8189923
13.260163307,-0.6786913,1.281225,0.6692438
13.280330658,-1.011771,0.8480173,0.4030416
13.300497532,-1.219298,0.5182879,0.4364044
13.320665836,-1.126491,0.2149065,0.6302967
13.340832710,-0.802862,-0.7220224,0.8007163
13.361000538,-0.6807608,-1.113776,0.09356916
13.381167888,-0.4960197,-1.262514,-0.6497134
13.401335239,-0.2472504,-1.157746,-0.7779228
13.421503067,-0.2741792,-0.7183359,-0.4092529
13.441670418,-0.2302007,-0.1416861,0.005258858
13.459316730,-0.1614681,0.04517996,0.1180819
13.479484558,-0.2808766,0.0352211,-0.054039
13.499651909,-0.4161749,-0.1519957,-0.2252121
13.519819260,-0.4242743,-0.5081754,-0.4245332
13.539987087,-0.8202213,-0.5317347,-0.6947611
13.560153961,-1.01231,-0.6155677,-0.8567921
13.580321789,-1.087578,-0.5093099,-0.6455721
13.600489139,-0.962815,-0.5553374,-0.4762583
13.620656490,-0.8331343,-0.5603069,-0.2210875
13.640824318,-0.7964391,-0.5218236,-0.06623596
13.660991669,-0.7719467,-0.4210373,0.100239
13.681158543,-0.6601758,-0.2467684,0.1818709
13.701326370,-0.5065396,-0.01006444,0.5514609
13.721493721,-0.2385071,0.1834267,0.5881103
13.741661549,-0.274498,0.2340053,0.6344107
13.759308338,-0.2399033,0.1936262,0.6699374
13.779475212,-0.1498537,0.1904438,0.6634626
13.799642563,-0.08508098,0.1929224,0.5071785
13.819810390,-0.06825063,0.1420477,0.4291499
13.839977741,-0.06720689,0.06366321,0.3739893
13.860145569,-0.1094574,0.09680851,0.3303877
13.880312920,-0.1093298,0.1002239,0.3280832
13.900479794,-0.1862427,0.2450222,0.2903693
13.920647621,-0.223401,0.5065228,0.353419
13.940814972,-0.2949656,0.6881896,0.3930439
13.960982800,-0.3494179,0.7684515,0.4421391
13.981150150,-0.4693848,0.7548333,0.4368135
14.001317501,-0.5780878,0.7264957,0.399951
14.021485329,-0.6581452,0.6500071,0.3098711
14.041652203,-0.7039213,0.5774944,0.3707495
14.061819553,-0.6765475,0.480543,0.38918
14.079466343,-0.6117197,0.4159911,0.4237534
14.099634171,-0.4861387,0.05640668,0.3098266
14.119801044,-0.1648832,0.04096353,0.2501391
14.139969349,-0.1135955,0.1096652,0.3586419
14.160136223,-0.0678829,-0.1459834,0.2190455
14.180303574,0.02689898,-0.4639171,-0.04760766
14.200471401,0.1081609,-0.6038666,-0.277325
14.220638752,0.04400995,-0.6196254,-0.3283388
14.240805626,-0.1453811,-0.5409615,-0.2420847
14.260973930,-0.313997,-0.4076304,-0.1759475
14.281140804,-0.4312493,-0.3903732,-0.2252747
14.301308632,-0.5675752,-0.357871,-0.2931736
14.321475983,-0.6409158,-0.4841037,-0.394739
14.341643333,-0.7740592,-0.5477849,-0.5079998
14.359289646,-0.8716982,-0.4841377,-0.4317948
14.379457474,-0.9259164,-0.4204974,-0.2811706
14.399624824,-0.9240839,-0.3869277,-0.1385761
14.419792175,-0.8871736,-0.3759756,-0.02737194
14.439960003,-0.8496613,-0.4773334,0.1162889
14.460127354,-0.9669403,-0.5473034,0.110454
14.480295181,-1.093091,-0.4915582,0.06231207
14.500462055,-1.094721,-0.4151301,0.1224787
14.520629406,-0.851156,-0.09573053,0.2930738
14.540797233,-0.6256124,0.006634444,0.3621618
14.560964584,-0.5361974,0.08054155,0.4391113
14.581131935,-0.4846427,0.1564501,0.5223821
14.601299763,-0.3859984,0.3375185,0.5299811
14.621466637,-0.2602578,0.3423407,0.566556
14.641634464,-0.1713089,0.1308509,0.5537024
14.661801815,-0.1732147,0.02060033,0.3886998
14.679448605,-0.04228024,0.08789256,0.3232626
14.699615478,-0.1103371,0.1557372,0.2660724
14.719783306,-0.06450681,-0.02710291,0.2654978
14.739950657,-0.07978129,0.02348681,0.31412
14.760118008,-0.09060955,0.007768646,0.32899
14.780285835,-0.1037957,0.0462615,0.3052323
14.800453186,-0.1583403,0.07714871,0.2889348
14.820620060,-0.1989925,0.05795862,0.2759061
14.840787888,-0.2328849,0.05237712,0.32262
14.860955238,-0.2470246,0.1094377,0.2729347
14.881123066,-0.3043774,0.2296338,0.2285648
14.901290417,-0.3482816,0.3456625,0.1337548
14.921457767,-0.4206314,0.4480591,0.1359611
14.941625595,-0.4624444,0.5672568,0.1340935
14.961792469,-0.4644599,0.6153589,0.08124033
14.979439259,-0.5561116,0.7018202,0.02109525
