Time (s),XX,XY,XZ,YX,YY,YZ,ZX,ZY,ZZ
0.000000000,0.008730145,0.9962757,0.02355392,-0.996248,0.009306736,-0.02440264,-0.02469368,-0.02324861,0.9926777
0.020168304,0.00872311,0.9962753,0.02357863,-0.9962478,0.009300793,-0.02442314,-0.02471434,-0.02327324,0.9926771
0.040335178,0.008710838,0.996276,0.02355642,-0.9962482,0.009287743,-0.02441338,-0.024704,-0.02325146,0.9926777
0.060503006,0.008726423,0.9962752,0.02358161,-0.9962488,0.009303232,-0.02438256,-0.02467386,-0.02327665,0.9926781
0.080670834,0.00873287,0.9962755,0.02357263,-0.9962485,0.009309663,-0.02439141,-0.02468274,-0.0232674,0.9926782
0.100838184,0.008724038,0.9962754,0.02357144,-0.996249,0.009300319,-0.02437074,-0.02466185,-0.02326669,0.9926784
0.121006012,0.008732882,0.9962755,0.02356406,-0.9962481,0.009309762,-0.02440422,-0.02469545,-0.02325867,0.9926778
0.141173363,0.008766,0.9962745,0.02358885,-0.9962481,0.009343119,-0.02438822,-0.02468053,-0.02328283,0.9926775
0.161341190,0.008759914,0.9962745,0.02359384,-0.9962484,0.009336979,-0.02438062,-0.02467286,-0.02328807,0.9926778
0.181509018,0.008756093,0.9962744,0.02359886,-0.9962485,0.009333152,-0.02437502,-0.02466723,-0.02329325,0.9926777
0.201676369,0.00876801,0.9962742,0.0236116,-0.9962484,0.009345496,-0.02437982,-0.02467247,-0.02330563,0.9926776
0.219322681,0.008764804,0.9962747,0.02358758,-0.9962484,0.009341714,-0.02438058,-0.02467285,-0.02328169,0.992678
0.239490509,0.008777075,0.9962745,0.02358931,-0.9962485,0.009353727,-0.02436776,-0.02466033,-0.02328328,0.9926784
0.259657860,0.008749313,0.9962757,0.02354994,-0.9962493,0.009324667,-0.02435389,-0.02464531,-0.02324479,0.9926796
0.279825687,0.008758132,0.9962751,0.02356644,-0.9962486,0.009334197,-0.02436683,-0.02465867,-0.0232609,0.9926785
0.299993515,0.008761838,0.9962758,0.02353513,-0.996249,0.009336828,-0.02435399,-0.02464551,-0.02322967,0.9926797
0.320160866,0.008765411,0.996275,0.02356915,-0.9962483,0.009341867,-0.02438071,-0.02467276,-0.02326325,0.9926783
0.340328693,0.008742535,0.9962759,0.02354654,-0.9962486,0.009318463,-0.02438202,-0.02467324,-0.0232412,0.9926789
0.360496044,0.008732872,0.9962755,0.02356602,-0.9962485,0.009309427,-0.02438821,-0.02467947,-0.02326084,0.9926782
0.380663872,0.02080542,0.9960346,0.0244445,-0.9961504,0.02126361,-0.0185551,-0.0191483,-0.02398265,0.9927829
0.400831699,0.06946165,0.9939188,0.009341755,-0.9939581,0.0694297,0.003706436,0.003013962,-0.009587601,0.9932046
0.420999050,0.08538878,0.9920034,0.03629655,-0.99258,0.08483849,0.0164496,0.01316069,-0.03761416,0.9924583
0.441166878,0.09108005,0.9919429,0.0198627,-0.9921414,0.09104431,0.002729136,0.0008345898,-0.02003194,0.9930534
0.461334705,0.09670516,0.9912652,0.02538509,-0.9915825,0.09677277,-0.001389496,-0.003932815,-0.02511706,0.992931
0.481502056,0.09366424,0.9915174,0.0272709,-0.9916939,0.09415641,-0.01726706,-0.01984722,-0.02545469,0.9927325
0.499148369,0.08982543,0.9919872,0.0232973,-0.9920298,0.09028292,-0.01930949,-0.02140887,-0.02138413,0.9927963
0.519316196,0.07819134,0.9929271,0.02664292,-0.993014,0.07876366,-0.0210631,-0.02318064,-0.02482252,0.9926765
0.539483547,0.07340644,0.9932863,0.0274571,-0.9934024,0.07399078,-0.02081422,-0.0228758,-0.02576474,0.9926594
0.559651375,0.07267689,0.993322,0.02818989,-0.9934646,0.0732699,-0.020511,-0.02261081,-0.0265353,0.9926454
0.579818725,0.07190408,0.9933248,0.03010042,-0.993502,0.0725634,-0.02131495,-0.02353774,-0.02839607,0.9925727
0.599986553,0.06616741,0.9937012,0.03144866,-0.9938611,0.06693057,-0.02376046,-0.0259091,-0.02970348,0.9924758
0.620153427,0.05811891,0.994157,0.03372464,-0.9943747,0.05896328,-0.02449406,-0.0265427,-0.03213713,0.9923832
0.640321731,0.05060836,0.9946201,0.03291948,-0.9947872,0.0514663,-0.02564746,-0.02740717,-0.03146954,0.9923813
0.660489559,0.04897078,0.9947388,0.03195791,-0.9948322,0.04985124,-0.02725291,-0.02890794,-0.03046901,0.9923697
0.680656433,0.04314112,0.9949061,0.03556562,-0.995104,0.0441465,-0.0278656,-0.02951322,-0.03421073,0.9922305
0.700824261,0.03970463,0.9949083,0.03960583,-0.9952908,0.04078447,-0.02671017,-0.02841887,-0.03839822,0.99211
0.720991611,0.03162104,0.9951536,0.04136859,-0.9955011,0.0328999,-0.03046989,-0.03193044,-0.04025197,0.9919299
0.741159439,0.0300604,0.9950997,0.04388224,-0.9954879,0.03150522,-0.0324678,-0.03395371,-0.04274289,0.9917594
0.761327267,0.0251896,0.9951398,0.04634388,-0.9955376,0.0268529,-0.03547072,-0.03682325,-0.04527665,0.9915453
0.781494617,0.01483858,0.9953433,0.0471873,-0.9956435,0.01671484,-0.03946099,-0.04036121,-0.04641965,0.9913552
0.801662445,0.007509951,0.995751,0.04035009,-0.9954433,0.009405458,-0.04685993,-0.04733604,-0.03979047,0.991335
0.819309235,-0.002355476,0.9963418,0.02384973,-0.9945625,-0.0008234902,-0.06407581,-0.06411843,-0.02373493,0.9909075
0.839476109,-0.02252026,0.9964218,-0.006591756,-0.9928455,-0.02301047,-0.08449037,-0.0846028,0.00494346,0.9896455
0.859643936,-0.04023978,0.9950735,-0.04166718,-0.9921623,-0.04369839,-0.08517248,-0.08672562,0.03832979,0.9887344
0.879812241,-0.05802291,0.9916616,-0.08298825,-0.9930441,-0.06309447,-0.05969177,-0.06436735,0.07941665,0.9879984
0.899979115,-0.08205932,0.9830418,-0.1438885,-0.9932839,-0.0843346,-0.009943664,-0.02149708,0.1426207,0.9827636
0.920146942,-0.1044075,0.9673085,-0.2176524,-0.9909003,-0.09432043,0.05578095,0.03427792,0.2220566,0.9675974
0.940314293,-0.1228509,0.9439386,-0.2965996,-0.984445,-0.08680005,0.1310503,0.09929366,0.3086847,0.9390293
0.960482121,-0.1395943,0.9112665,-0.3798727,-0.972016,-0.06000662,0.2127055,0.1729008,0.399565,0.8931313
0.980649948,-0.1575026,0.8630914,-0.4739025,-0.9530302,-0.01358032,0.2913687,0.2474748,0.4982324,0.8235418
1.000817299,-0.178398,0.7972143,-0.5719109,-0.9290217,0.04878691,0.3570219,0.3155175,0.5958149,0.730603
1.020985127,-0.2024068,0.7233974,-0.6560091,-0.9054033,0.1107948,0.400596,0.3659189,0.6759648,0.6310101
1.041152477,-0.2190653,0.6556959,-0.7188922,-0.8872707,0.1663119,0.42098,0.3993665,0.73112,0.5436524
1.061320305,-0.2270837,0.5976418,-0.7655351,-0.8728106,0.2174405,0.4274455,0.4259358,0.7663761,0.4704553
1.081487656,-0.2334049,0.5447464,-0.8022487,-0.857728,0.2669751,0.4295129,0.4523873,0.7895758,0.4030537
1.101655483,-0.2381353,0.4943992,-0.8329,-0.8431271,0.3141518,0.426124,0.4767491,0.8049935,0.3400843
1.119301796,-0.2389362,0.4578708,-0.8533057,-0.8308202,0.3522391,0.4201722,0.4975078,0.8106548,0.2942705
1.139469624,-0.229307,0.4362776,-0.8671114,-0.8138771,0.3966588,0.4133353,0.5289843,0.8018128,0.2622188
1.159636974,-0.2040395,0.4256617,-0.8785281,-0.7935859,0.4478303,0.3998805,0.5685253,0.7800609,0.2447219
1.179804802,-0.1731598,0.4215893,-0.8869618,-0.7733374,0.4940273,0.3844599,0.6053001,0.7537391,0.2390236
1.199972153,-0.1401013,0.4356857,-0.8858612,-0.7531848,0.5287301,0.3779504,0.6381886,0.7213264,0.2528899
1.220139980,-0.1039141,0.475593,-0.8700398,-0.7281576,0.5547817,0.3892516,0.6730114,0.6749383,0.2877985
1.240307808,-0.06604049,0.5275672,-0.8432151,-0.6948399,0.5779564,0.4153558,0.7117138,0.6139997,0.3278887
1.260475159,-0.02535924,0.5658748,-0.820103,-0.6619833,0.6014178,0.4350557,0.7446887,0.5543293,0.3591524
1.280642986,0.02386892,0.5812067,-0.8091495,-0.6374807,0.6288422,0.4326537,0.7655995,0.5057367,0.3856701
1.300809860,0.09239209,0.5788955,-0.8055903,-0.6218292,0.6622534,0.4043974,0.7729322,0.4637767,0.4217788
1.320978165,0.1824934,0.5641325,-0.8002968,-0.6064376,0.7024939,0.3567252,0.7687353,0.4204449,0.4715368
1.341145992,0.2825367,0.5306923,-0.7936549,-0.5874465,0.7474978,0.2904597,0.7526148,0.3844814,0.524843
1.361312866,0.3860906,0.4904534,-0.775268,-0.5681985,0.7868317,0.2144626,0.7202328,0.3581888,0.5850422
1.381480694,0.4953155,0.4544867,-0.7334976,-0.5413427,0.8211356,0.1428319,0.671956,0.3269477,0.6560568
1.401648044,0.605677,0.419905,-0.667836,-0.5030841,0.8532509,0.07980603,0.6076442,0.2883443,0.7320814
1.419294834,0.6937713,0.3800659,-0.6023347,-0.4570194,0.8817971,0.02957572,0.5462512,0.2555218,0.7900913
1.439462662,0.770962,0.328582,-0.5345148,-0.4053969,0.9066511,-0.02786716,0.4788795,0.2390755,0.8373317
1.459630489,0.8267201,0.2825354,-0.4736947,-0.3608881,0.9221346,-0.08039344,0.4171004,0.2384891,0.8697924
1.479797840,0.8675923,0.2597628,-0.408913,-0.3330902,0.9285737,-0.1174451,0.3517634,0.2393025,0.8978838
1.499965668,0.9029529,0.2428709,-0.3359388,-0.3064374,0.9330832,-0.1497122,0.2791725,0.2394396,0.9229095
1.520132542,0.9349555,0.2134818,-0.2592932,-0.2632369,0.941925,-0.1743154,0.2085995,0.232605,0.9430144
1.540300369,0.9562068,0.1782273,-0.2017657,-0.2164543,0.9515324,-0.1859331,0.1600685,0.222842,0.9547435
1.560467720,0.9677835,0.1474319,-0.1684839,-0.1794319,0.9577351,-0.1932441,0.1338924,0.2186389,0.9597147
1.580635548,0.9738793,0.1350574,-0.1414413,-0.1611156,0.9611919,-0.1921575,0.1108508,0.2112871,0.9642726
1.600803375,0.9781829,0.1320147,-0.1113031,-0.1501343,0.9664477,-0.1737114,0.08529919,0.1878512,0.9716676
1.620970726,0.9820205,0.1151971,-0.09485374,-0.1287165,0.9732983,-0.1510399,0.07549611,0.1615878,0.9771664
1.641138554,0.9852237,0.07754105,-0.09965709,-0.0915352,0.9785362,-0.1440249,0.08697966,0.1520173,0.9777452
1.661305904,0.9826599,0.04633889,-0.1373284,-0.06872249,0.9775217,-0.1624504,0.1276072,0.1701929,0.9702892
1.681473732,0.973287,0.03209159,-0.1958907,-0.07231946,0.9700744,-0.2010918,0.1848593,0.2112775,0.9528993
1.699120045,0.9613429,0.01996419,-0.2493826,-0.08299892,0.9593525,-0.2440039,0.2360114,0.2569594,0.9301887
1.719288349,0.9443785,-0.007728372,-0.3081806,-0.09061952,0.9419401,-0.3023891,0.2946576,0.315581,0.8948772
1.739455223,0.9206662,-0.05076399,-0.3699208,-0.09690344,0.9175665,-0.3684385,0.3605941,0.3775715,0.8455548
1.759623051,0.8866258,-0.1069497,-0.4355807,-0.1109562,0.8819224,-0.4440805,0.4345773,0.4450624,0.775298
1.779790401,0.8446293,-0.165693,-0.4966938,-0.1471076,0.8285646,-0.5286834,0.502512,0.5231563,0.6800419
1.799958229,0.8014581,-0.2211039,-0.5446343,-0.1973024,0.764868,-0.6034435,0.5537014,0.5951347,0.5732515
1.820126057,0.765528,-0.2680384,-0.5746424,-0.2508498,0.6975609,-0.6625957,0.5823511,0.6558309,0.4699344
1.840293407,0.7281924,-0.312457,-0.6003751,-0.3086379,0.6294118,-0.7054031,0.6023473,0.7037197,0.3643543
1.860461235,0.6907096,-0.3559473,-0.6203371,-0.3622556,0.5670067,-0.7326015,0.6166745,0.7356873,0.2644769
1.880628586,0.654952,-0.3915056,-0.6376514,-0.4138816,0.5136588,-0.7447468,0.6233603,0.756749,0.1755683
1.900796413,0.622368,-0.4178488,-0.6535423,-0.4697499,0.4607061,-0.74648,0.6172926,0.7767237,0.09105428
1.920963287,0.599057,-0.4311642,-0.6666658,-0.5244671,0.4087832,-0.7404925,0.5960538,0.798431,0.01886586
1.941131592,0.5875114,-0.4220093,-0.6826649,-0.5711515,0.3710753,-0.7258385,0.5638343,0.8215618,-0.02321546
1.961299419,0.5756168,-0.3994606,-0.7060239,-0.6198781,0.3382688,-0.7016404,0.5232491,0.8467463,-0.05335126
1.981466293,0.5655441,-0.3616431,-0.7340403,-0.6554039,0.3305298,-0.6724744,0.4899456,0.866597,-0.05059143
2.001634121,0.5465135,-0.3100761,-0.771197,-0.6881906,0.3453534,-0.6309125,0.4661391,0.8806303,-0.0250777
2.019280910,0.5270487,-0.2643013,-0.8012898,-0.7190757,0.3501837,-0.5926173,0.4414189,0.8935379,-0.005899899
2.039448261,0.4964697,-0.2238808,-0.8326476,-0.7627344,0.3306233,-0.5476769,0.4020709,0.9119161,-0.007201783
2.059616089,0.4615142,-0.1949741,-0.8597279,-0.8087815,0.289,-0.503644,0.3507412,0.9326145,-0.02521747
2.079783916,0.4202681,-0.1733929,-0.8852853,-0.8521345,0.2407119,-0.4555833,0.2960777,0.9505914,-0.04787259
2.099951267,0.3750013,-0.15383,-0.9090852,-0.8898848,0.1928242,-0.4035816,0.2412562,0.9649401,-0.06623979
2.120119095,0.322489,-0.1310222,-0.9326919,-0.923117,0.1480574,-0.3437886,0.1869116,0.9763037,-0.07521838
2.140285969,0.2643517,-0.1070619,-0.9540062,-0.9503906,0.1068146,-0.2790752,0.1354543,0.9847146,-0.07586789
2.160453796,0.2047218,-0.08477047,-0.9709673,-0.9708825,0.0659346,-0.2141269,0.08573559,0.9905944,-0.07148188
2.180621147,0.1504436,-0.06302366,-0.9826672,-0.9836686,0.03199747,-0.1562414,0.04475483,0.9940037,-0.06011784
2.200788975,0.1037205,-0.03527534,-0.990229,-0.9906096,0.01507378,-0.1077912,0.02214292,0.9958323,-0.03645259
2.220956802,0.06808257,0.01780626,-0.9939032,-0.9937886,0.02130324,-0.07100475,0.02333969,0.9961629,0.01615223
2.241124153,0.01956731,0.0929442,-0.9920191,-0.9956246,0.03697667,-0.01924264,0.03836787,0.9914635,0.09040707
2.261291981,-0.02956036,0.1864023,-0.9786901,-0.9943194,0.05317852,0.0373767,0.06252405,0.9774058,0.181112
2.281459332,-0.06552735,0.3091669,-0.94542,-0.9898851,0.07037282,0.08919403,0.09762534,0.9445866,0.2991037
2.301627159,-0.09882568,0.4375083,-0.8903604,-0.9833786,0.07287899,0.1428941,0.1308499,0.89221,0.4210166
2.319273472,-0.1172927,0.5526066,-0.8215318,-0.9780291,0.06252977,0.1799508,0.1541025,0.8267704,0.5313888
2.339441776,-0.1289512,0.6823489,-0.7154691,-0.9731762,0.03855637,0.210799,0.1744257,0.7251952,0.657637
2.359608650,-0.1267831,0.7976865,-0.5845786,-0.9707173,0.01154283,0.2252812,0.1890607,0.5972769,0.7717288
2.379776478,-0.1158431,0.8926913,-0.4286239,-0.9704376,-0.0168501,0.2265723,0.1971474,0.4429293,0.8673812
2.399943828,-0.09325329,0.959286,-0.254868,-0.9718662,-0.03643669,0.2182859,0.2016518,0.2682219,0.9350618
2.420111656,-0.06038964,0.9917133,-0.08074696,-0.9736152,-0.04230415,0.2093419,0.2051554,0.09085896,0.9676691
2.440279484,-0.02761038,0.9938718,0.06998194,-0.9741856,-0.04169077,0.2067856,0.2089045,-0.06337713,0.9690513
2.460446834,0.006497797,0.9792492,0.1850411,-0.974344,-0.03276148,0.2075009,0.2093393,-0.1829588,0.9536907
2.480614662,0.04356464,0.9580914,0.2704148,-0.9735213,-0.0157969,0.2129987,0.208134,-0.2741767,0.9319211
2.500782013,0.07948562,0.9363754,0.331063,-0.9718933,0.004664282,0.2205132,0.2045123,-0.3411797,0.9104323
2.520949840,0.1159868,0.9130678,0.3812184,-0.9696565,0.02813989,0.2281227,0.1969426,-0.3982224,0.8887596
2.541117191,0.1532148,0.8856224,0.4294414,-0.9670834,0.05420779,0.2338819,0.183021,-0.4534578,0.8650433
2.561285019,0.1930639,0.853863,0.4749712,-0.9636558,0.08590974,0.2380402,0.1613916,-0.5061754,0.8398395
2.581452846,0.2385634,0.8126516,0.5237666,-0.9576346,0.1238203,0.2449998,0.1329285,-0.5627489,0.8083608
2.601619720,0.2872829,0.7624151,0.5722843,-0.948669,0.1690343,0.2521302,0.09387878,-0.6182765,0.772635
2.619266510,0.3225881,0.7143303,0.6137983,-0.9403265,0.2069568,0.2545864,0.05293754,-0.6623898,0.7393952
2.639434338,0.3547109,0.6572801,0.6580469,-0.9300092,0.2411689,0.2618182,0.01120597,-0.7081306,0.6978351
2.659601688,0.3840046,0.6041791,0.6915003,-0.9180148,0.268849,0.2764242,-0.02130342,-0.7443985,0.658959
2.679769516,0.4156265,0.5594497,0.7104384,-0.9028473,0.2993677,0.2940778,-0.05072743,-0.767223,0.6307115
2.699937344,0.4525487,0.5197893,0.7177895,-0.8825046,0.3368393,0.3141786,-0.08116737,-0.7793214,0.6125308
2.720104694,0.4867813,0.4875004,0.7178852,-0.8609122,0.3732276,0.3320679,-0.1088394,-0.7834426,0.6029594
2.740272522,0.5193381,0.4568456,0.7150747,-0.8391973,0.3993049,0.3561809,-0.1256486,-0.7889291,0.5925044
2.760439396,0.5543398,0.4273481,0.7068223,-0.8134458,0.4287564,0.3805753,-0.1432832,-0.7898767,0.5872474
2.780607700,0.5926812,0.3988564,0.6920263,-0.7811904,0.4677449,0.4013188,-0.1665185,-0.7824505,0.5910261
2.800774574,0.6337646,0.3721116,0.6699668,-0.7431934,0.5092806,0.4220386,-0.187046,-0.7694063,0.6018498
2.820942402,0.6771269,0.354584,0.6359695,-0.7003728,0.5534663,0.4389474,-0.1991605,-0.7466372,0.6260195
2.841110229,0.71867,0.327404,0.6039271,-0.6551414,0.5883909,0.4624634,-0.2066665,-0.7320446,0.6405734
2.861277580,0.7585015,0.2954515,0.5705462,-0.6057841,0.6218567,0.4851603,-0.2141028,-0.7176792,0.6541707
2.881445408,0.7967192,0.2570788,0.5357528,-0.5527323,0.6485077,0.5126465,-0.2181918,-0.7086818,0.6625327
2.901612759,0.8325575,0.2174057,0.4972147,-0.4958643,0.6736227,0.5376455,-0.2204683,-0.6983401,0.6726316
2.919259071,0.8620196,0.1840897,0.4587748,-0.4430544,0.695691,0.5552295,-0.21924,-0.686067,0.6854762
2.939427376,0.8949794,0.1448556,0.4065067,-0.3747082,0.7241515,0.5688316,-0.2140667,-0.6655769,0.7068738
2.959595203,0.9228921,0.1109306,0.3507066,-0.3053,0.7584855,0.5653592,-0.2051649,-0.6328772,0.7386791
2.979762077,0.9454855,0.07978662,0.2942263,-0.2371961,0.7940893,0.5486886,-0.191502,-0.5924148,0.7748551
2.999929905,0.9635481,0.04711441,0.2368793,-0.1709876,0.8205077,0.5340895,-0.170572,-0.5588099,0.8040329
3.020097256,0.9774858,0.01389533,0.1760405,-0.1052082,0.8405657,0.5195825,-0.1418259,-0.529945,0.8286793
3.040265083,0.9886051,-0.003215682,0.09611036,-0.04540519,0.8590124,0.4974914,-0.08476974,-0.4995488,0.854842
3.060432434,0.9920404,-0.02908251,0.03967628,0.007150227,0.8774409,0.466244,-0.04867107,-0.465391,0.8765759
3.080600262,0.9906913,-0.07076285,0.009823927,0.05960638,0.8936812,0.4301262,-0.03938236,-0.4284322,0.8956056
3.100768089,0.9877319,-0.1026405,-0.02106803,0.1029091,0.9124491,0.3794038,-0.01971413,-0.3794765,0.917972
3.120935440,0.9845036,-0.1180478,-0.05858663,0.1306016,0.9328405,0.3157773,0.01763222,-0.3206817,0.9400888
3.141103268,0.9801716,-0.1317459,-0.09246877,0.1509043,0.9505656,0.2459601,0.05599409,-0.2567324,0.9579909
3.161270618,0.9741962,-0.1468267,-0.1267588,0.1678445,0.9633752,0.174624,0.09723227,-0.1926323,0.9696152
3.181438446,0.9630464,-0.1474206,-0.1938239,0.1690509,0.9737376,0.09971863,0.1752778,-0.1295731,0.9691266
3.201605320,0.9445214,-0.1439101,-0.2721279,0.1545619,0.9810362,0.0177929,0.2662224,-0.05912579,0.9552183
3.219252110,0.9212852,-0.1443166,-0.3427052,0.1301695,0.9826421,-0.06400846,0.3483246,0.01462548,0.930288
3.239419937,0.8865055,-0.1475375,-0.4238105,0.08359008,0.9758756,-0.1653824,0.4409029,0.112122,0.8833625
3.259587765,0.8448282,-0.1626708,-0.4973532,0.0281882,0.9567039,-0.2659422,0.5225202,0.2122687,0.8183215
3.279755116,0.8018653,-0.1801216,-0.5589406,-0.03758386,0.9274649,-0.3541124,0.5860425,0.3071878,0.7419168
3.299922943,0.761563,-0.1974158,-0.6075916,-0.1064999,0.8918104,-0.4249379,0.6299193,0.3910773,0.6626058
3.320090294,0.725945,-0.2043028,-0.6477832,-0.1782175,0.8562468,-0.4717624,0.6554397,0.4610657,0.5891508
3.340258121,0.6955636,-0.2016342,-0.6812478,-0.2638506,0.8102603,-0.5115185,0.6596498,0.5390844,0.5138478
3.360425949,0.6762126,-0.1939892,-0.7027082,-0.3400401,0.7620513,-0.5401533,0.6448281,0.6080799,0.452371
3.380593300,0.6607766,-0.1634343,-0.7248875,-0.4214277,0.7145324,-0.5479762,0.6120223,0.6716908,0.4059279
3.400761127,0.6432108,-0.1263803,-0.7478132,-0.5016581,0.6623651,-0.5462592,0.568802,0.7308133,0.3649246
3.420928001,0.6230868,-0.08835191,-0.7700709,-0.5788262,0.6018412,-0.5403176,0.5155341,0.7868779,0.3257387
3.441095829,0.6031136,-0.04765674,-0.7894109,-0.6442661,0.5437979,-0.5280074,0.4586523,0.8316247,0.2987942
3.461263180,0.5797623,0.0006261468,-0.80822,-0.7006766,0.4937545,-0.5051566,0.4028303,0.8637885,0.2879408
3.481431007,0.553414,0.05450961,-0.8247936,-0.7510486,0.4453258,-0.4773499,0.3452273,0.8882373,0.2883799
3.501598358,0.5270348,0.1138798,-0.8360419,-0.7938788,0.3984922,-0.4489185,0.2858168,0.9048772,0.3012134
3.519245624,0.4936685,0.1919822,-0.8422348,-0.831725,0.3654676,-0.4067639,0.2333455,0.9057407,0.3407932
3.539412975,0.4326511,0.2885156,-0.8484746,-0.8803962,0.3108715,-0.345572,0.1674898,0.9007087,0.3889766
3.559580803,0.3721045,0.3582498,-0.8508471,-0.916984,0.2476971,-0.2989499,0.1068834,0.8954819,0.4208384
3.579747677,0.3072304,0.412926,-0.8522236,-0.9455025,0.1821267,-0.2547199,0.05308509,0.8878903,0.4461828
3.599915504,0.2317883,0.4536693,-0.8556578,-0.9684724,0.1115337,-0.2052424,0.005225778,0.8799132,0.4645934
3.620082855,0.1492256,0.4832361,-0.8581744,-0.9842803,0.04126045,-0.1498891,-0.03424454,0.8704926,0.4807108
3.640250683,0.06296599,0.5030615,-0.8577849,-0.9924111,-0.02446125,-0.08911785,-0.06313437,0.8600878,0.4961571
3.660418510,-0.02476871,0.5166169,-0.8520068,-0.9930247,-0.0844914,-0.02424917,-0.08191761,0.8484062,0.5131184
3.680585861,-0.1120446,0.5303512,-0.8367704,-0.9868378,-0.1354385,0.04445723,-0.08722526,0.8333983,0.5361698
3.700753689,-0.2054954,0.5485927,-0.8071299,-0.9727724,-0.1827341,0.1216943,-0.07827148,0.8124911,0.568465
3.720921040,-0.3022206,0.5643728,-0.7651402,-0.9487489,-0.2326102,0.2014746,-0.06190094,0.7887964,0.6026265
3.741088867,-0.3983198,0.572672,-0.7136735,-0.9140928,-0.2855027,0.2794701,-0.04144394,0.7653208,0.6336779
3.761256218,-0.4856184,0.5783993,-0.6528089,-0.8720225,-0.3374815,0.3481582,-0.01679143,0.7396564,0.6643794
3.781424046,-0.5606145,0.5871181,-0.5814121,-0.8261872,-0.3884579,0.4029768,0.01274464,0.7072962,0.6986503
3.801591873,-0.6249266,0.5991702,-0.4979278,-0.7775743,-0.4411511,0.4438407,0.04811615,0.6652905,0.7371274
3.819238186,-0.6690394,0.6173869,-0.4110807,-0.7364662,-0.4878756,0.4649094,0.08815642,0.6142935,0.7764596
3.839405537,-0.7046579,0.6472121,-0.2873702,-0.6920605,-0.5440597,0.4711433,0.1500584,0.5310745,0.826512
3.859573364,-0.7224382,0.6749018,-0.1439387,-0.6522141,-0.6001192,0.4601917,0.2254497,0.4262243,0.8688493
3.879740715,-0.7174227,0.6952348,0.006861329,-0.6244846,-0.6490189,0.4317706,0.3056428,0.3050499,0.8948441
3.899908543,-0.6878788,0.7064561,0.1601161,-0.6123018,-0.6853704,0.3914481,0.3870451,0.1704843,0.8990672
3.920076370,-0.6407959,0.7006567,0.3098997,-0.6089659,-0.7113541,0.348122,0.4648852,0.03329496,0.8775584
3.940243721,-0.5835873,0.6778095,0.4440624,-0.6068844,-0.7287646,0.3142674,0.5369437,-0.08744684,0.831679
3.960411549,-0.5149067,0.646188,0.5603927,-0.6108841,-0.7364126,0.2876441,0.5986816,-0.1958558,0.768953
3.980578423,-0.4283928,0.6133643,0.6606119,-0.6244799,-0.7304272,0.2732811,0.6501144,-0.2973919,0.6910157
4.000746727,-0.3264818,0.5760186,0.7463707,-0.6480494,-0.7121126,0.2664316,0.6847618,-0.3989441,0.6009546
4.020913601,-0.2109759,0.5390359,0.8121622,-0.6835285,-0.6758854,0.2716277,0.6949503,-0.5004329,0.5064089
4.041081429,-0.09578836,0.5011144,0.8565104,-0.7253091,-0.6245561,0.2851734,0.6772387,-0.5968933,0.4189217
4.061249256,0.01723057,0.4562821,0.8858038,-0.7652235,-0.5635854,0.3063671,0.6381808,-0.6864651,0.3353856
4.081416607,0.1263828,0.4058567,0.9009496,-0.7996169,-0.4941156,0.3362296,0.5805538,-0.7666276,0.2583635
4.101584435,0.2279269,0.3557945,0.9017634,-0.8253347,-0.4174055,0.3750541,0.508517,-0.8338185,0.1951811
4.119231224,0.3112774,0.3173659,0.8908089,-0.8371286,-0.3465777,0.4179619,0.4398605,-0.8802019,0.1548476
4.139398098,0.3994467,0.2842809,0.8661335,-0.8367511,-0.2638199,0.4746377,0.3617325,-0.9190309,0.1300365
4.159566402,0.4775503,0.2616158,0.8327885,-0.8242504,-0.1803063,0.531575,0.2873861,-0.9452608,0.1276147
4.179733276,0.5533494,0.236277,0.7921492,-0.7987705,-0.09549076,0.5888517,0.2128213,-0.9638225,0.1345395
4.199901104,0.6202304,0.2147512,0.7471735,-0.7629672,-0.01816893,0.6410372,0.1492223,-0.973103,0.1517718
4.220068932,0.6803855,0.2044822,0.6956499,-0.7175493,0.04999916,0.6895947,0.1042335,-0.9739636,0.1804669
4.240236282,0.7416416,0.1968154,0.6320479,-0.6583716,0.1176675,0.7383514,0.06904882,-0.9694739,0.2171252
4.260404110,0.804217,0.1814432,0.5551068,-0.5830958,0.1942212,0.7837232,0.03262565,-0.9598444,0.2628989
4.280571461,0.8663735,0.1487708,0.4633304,-0.4865682,0.2774907,0.8231849,-0.00769262,-0.9445894,0.3143659
4.300739288,0.919082,0.1024672,0.3631035,-0.3745973,0.3596507,0.8492097,-0.0449505,-0.9224862,0.3711469
4.320906639,0.9551383,0.05255838,0.2678826,-0.2630985,0.4353559,0.8553144,-0.07281936,-0.8933204,0.4324513
4.341074467,0.9765931,-0.0009305552,0.181473,-0.1557596,0.5037324,0.8437119,-0.09312507,-0.8579684,0.4951091
4.361241817,0.9856129,-0.04827049,0.1133349,-0.06718846,0.5537911,0.8236026,-0.10325,-0.8249276,0.5462645
4.381409645,0.9882209,-0.07990727,0.06020218,-0.002083559,0.5797116,0.8082545,-0.1000257,-0.8042975,0.5765991
4.401577473,0.9879297,-0.102187,0.01202529,0.05151501,0.5903699,0.7988009,-0.08906736,-0.7939109,0.5924792
4.419223785,0.9855931,-0.1185308,-0.03412579,0.09899045,0.5948356,0.7909582,-0.07358672,-0.7882667,0.6020096
4.439391136,0.9795904,-0.1371331,-0.09080188,0.1562404,0.6033266,0.7750945,-0.05137494,-0.7787021,0.6165065
4.459558964,0.9699287,-0.1537278,-0.1493987,0.2132188,0.6191621,0.7485023,-0.02213444,-0.7629454,0.6374797
4.479726314,0.9562215,-0.1606834,-0.2159317,0.267955,0.6424211,0.7102233,0.0254119,-0.741888,0.6616259
4.499894142,0.944278,-0.165113,-0.2606985,0.3018929,0.6671016,0.6727499,0.06392732,-0.7186581,0.6841674
4.520061493,0.9252173,-0.1618947,-0.3236942,0.340542,0.6892915,0.6304876,0.122552,-0.6980498,0.6973231
4.540229320,0.9020907,-0.1433624,-0.3909611,0.36501,0.7202395,0.5800174,0.2004273,-0.6701491,0.7065543
4.560397148,0.8779243,-0.1178431,-0.4502177,0.3707227,0.7572359,0.526599,0.281332,-0.633131,0.7130523
4.580564022,0.8504212,-0.09708595,-0.5048537,0.3702512,0.7917455,0.4732526,0.356675,-0.5929825,0.7138592
4.600732326,0.8214808,-0.07847472,-0.5538276,0.3629236,0.8225856,0.4234927,0.4256404,-0.5521787,0.7088039
4.620899200,0.7893817,-0.05409488,-0.6015661,0.3437313,0.8532377,0.3759456,0.4966456,-0.5065175,0.6966635
4.641067028,0.7490948,-0.01303627,-0.6533675,0.3019316,0.8872631,0.3299569,0.5795656,-0.4470618,0.673019
4.661234379,0.6987391,0.04021052,-0.7061793,0.2338056,0.9225185,0.2851799,0.6675635,-0.366573,0.6394727
4.681402206,0.6346272,0.09845421,-0.759295,0.139,0.953663,0.2408894,0.7529284,-0.2601067,0.5955508
4.701569557,0.561771,0.1504667,-0.8069934,0.03324974,0.97137,0.2050292,0.8202274,-0.1431862,0.5443413
4.719216824,0.4981378,0.1881305,-0.8404528,-0.05876105,0.9743953,0.1838041,0.8592445,-0.04293858,0.4997396
4.739383697,0.4290298,0.2315203,-0.8675785,-0.1687697,0.9633508,0.1738629,0.8819358,0.07148325,0.4552614
4.759552002,0.3632095,0.2704927,-0.8864071,-0.279563,0.9377307,0.1715677,0.8835884,0.1855387,0.4186621
4.779718876,0.2964802,0.3104997,-0.8983011,-0.3965231,0.8935509,0.1776643,0.8637849,0.303949,0.3900194
4.799886703,0.2293972,0.3441588,-0.9058914,-0.5031919,0.8357656,0.1895028,0.8281801,0.41312,0.3663784
4.820054054,0.1546728,0.3700566,-0.9117817,-0.59216,0.7699335,0.2112117,0.7858972,0.5082538,0.3391327
4.840221882,0.07990471,0.3851794,-0.915406,-0.6647701,0.7007231,0.2357893,0.7378429,0.5908914,0.3123832
4.860389233,0.01254211,0.3889709,-0.9174501,-0.7243131,0.6313178,0.2565249,0.6843855,0.6626736,0.2894526
4.880557060,-0.04955906,0.384859,-0.9181596,-0.7723464,0.5627461,0.276148,0.6281835,0.7243344,0.2686423
4.900724888,-0.1079542,0.3777691,-0.9163077,-0.8111345,0.4934868,0.2974197,0.5695525,0.7769737,0.2519478
4.920892239,-0.1656384,0.3695071,-0.9112633,-0.839408,0.4256417,0.3234314,0.5121822,0.8201696,0.2379944
4.941060066,-0.2311328,0.3612656,-0.9004881,-0.8631732,0.3435854,0.3575179,0.4430845,0.8616114,0.2302269
4.961227417,-0.2900149,0.3520625,-0.8872173,-0.8792782,0.2597252,0.3884789,0.3714464,0.894482,0.2315657
4.981395245,-0.3550374,0.345449,-0.8661773,-0.8845966,0.1660025,0.4266932,0.2951048,0.9193711,0.2434798
5.001562119,-0.4291973,0.3351955,-0.8364111,-0.8752446,0.06268758,0.4720691,0.2142113,0.9362406,0.2627732
5.019208908,-0.5000181,0.3159985,-0.8042104,-0.8522409,-0.02958262,0.5160084,0.1424599,0.9448408,0.2799067
5.039376736,-0.5823545,0.2845119,-0.7596703,-0.8088238,-0.1344554,0.567351,0.06204784,0.9461164,0.3036773
5.059544563,-0.6590111,0.246646,-0.7089218,-0.750566,-0.2281039,0.615965,-0.007416844,0.9391103,0.3302194
5.079711914,-0.7293346,0.2024844,-0.6521085,-0.6796301,-0.3095609,0.661527,-0.06594163,0.926561,0.3577412
5.099879742,-0.7888632,0.1559618,-0.5932509,-0.6030999,-0.3757012,0.7006485,-0.1119876,0.9112155,0.3844569
5.120047092,-0.837904,0.1205069,-0.5313206,-0.5276012,-0.4245177,0.7331711,-0.1358691,0.8951989,0.4130705
5.140214920,-0.8805842,0.09645846,-0.4631002,-0.4520412,-0.4617762,0.7607834,-0.1393729,0.8796751,0.4438562
5.160381794,-0.9172787,0.07283902,-0.3908149,-0.3744421,-0.4902196,0.7848819,-0.1335475,0.8665685,0.4704323
5.180549622,-0.9484013,0.04689734,-0.3130297,-0.2922308,-0.5113176,0.8061386,-0.1216063,0.8561886,0.4920259
5.200716972,-0.9724678,0.03101741,-0.2305612,-0.2117375,-0.5301508,0.8191081,-0.09637304,0.8454636,0.5154429
5.220884800,-0.9894085,0.02434166,-0.1428526,-0.1326324,-0.5507596,0.8222181,-0.0583784,0.832491,0.5414366
5.241052151,-0.9980721,0.01613743,-0.05982268,-0.05819374,-0.5770903,0.8128516,-0.02127576,0.8147723,0.5701779
5.261219978,-0.9998528,0.006919727,0.01567071,0.00825752,-0.6081298,0.792128,0.01500891,0.7921408,0.6012382
5.281387329,-0.9958594,0.006747203,0.09050207,0.06472839,-0.6473719,0.7578532,0.06361119,0.7605824,0.6375134
5.301555157,-0.9849888,0.02735781,0.1701393,0.1029504,-0.6993585,0.7058832,0.138192,0.7128264,0.6793045
5.319201469,-0.9668698,0.05650783,0.2484876,0.1238981,-0.7487174,0.649905,0.2226847,0.659192,0.7101707
5.339369297,-0.9351178,0.09393234,0.3410187,0.1336816,-0.7994418,0.5845248,0.3274848,0.5922134,0.7282719
5.359536648,-0.8926889,0.1304875,0.4305295,0.1305275,-0.841282,0.5235805,0.4305174,0.5235905,0.7272255
5.379704475,-0.8408942,0.1620583,0.515326,0.1193449,-0.8750979,0.4681004,0.5268592,0.4550805,0.7097808
5.399871826,-0.7797236,0.1910446,0.5950187,0.09829278,-0.9031489,0.4171418,0.6171579,0.3836283,0.6786917
5.420039654,-0.7054545,0.2207669,0.6720188,0.06546266,-0.9258744,0.371445,0.7043166,0.3058083,0.6319901
5.440207004,-0.6158288,0.2583468,0.7425768,0.01265959,-0.9412983,0.336751,0.7861317,0.2163757,0.5697279
5.460374832,-0.5124853,0.3021332,0.8017393,-0.05891638,-0.9461142,0.3178571,0.854751,0.1149773,0.4960744
5.480541706,-0.4004271,0.3426159,0.8474835,-0.1429872,-0.9392542,0.3113621,0.9028668,0.00245671,0.4186363
5.500710010,-0.281892,0.3710305,0.8820596,-0.2366505,-0.920206,0.3109329,0.9271944,-0.1225524,0.3409489
5.520877838,-0.1624979,0.3850501,0.9053627,-0.328954,-0.8885399,0.3186445,0.9272187,-0.2479546,0.2650488
5.541044712,-0.05103803,0.3906768,0.9156231,-0.4120602,-0.845571,0.337897,0.9062011,-0.3624081,0.1984339
5.561212540,0.05212116,0.3941475,0.913693,-0.4892036,-0.7894545,0.3688109,0.8665258,-0.4690302,0.1463284
5.581379890,0.1473897,0.3937677,0.9030416,-0.5671581,-0.7156574,0.4052756,0.805524,-0.5752075,0.1129627
5.601547718,0.2432641,0.3778679,0.8886239,-0.645881,-0.6206076,0.4417294,0.7178261,-0.6852029,0.08876294
5.619194508,0.3330719,0.3407292,0.8740565,-0.7097815,-0.5180886,0.4738606,0.6134178,-0.7824559,0.0655297
5.639361381,0.4344454,0.2690595,0.8539251,-0.7626356,-0.389246,0.512596,0.4690075,-0.8786209,0.03300193
5.659529686,0.5139469,0.1861578,0.8312594,-0.7880424,-0.2680933,0.5497075,0.3234749,-0.9426211,0.006415516
5.679696560,0.560236,0.1169734,0.8135903,-0.795792,-0.1726345,0.5756144,0.2057354,-0.9751585,-0.00569132
5.699864387,0.5895608,0.07132271,0.7978784,-0.7915003,-0.1041092,0.5971983,0.1233856,-0.9889548,-0.006661713
5.720031738,0.6146201,0.03714305,0.7810069,-0.7795275,-0.05142693,0.6191074,0.06073117,-0.9947751,-0.004118279
5.740199566,0.6424498,0.005941927,0.7590423,-0.7590652,0.0007581562,0.6458094,0.0007044971,-0.9966014,0.003829822
5.760367393,0.6724452,-0.01821154,0.7322607,-0.7304029,0.05497988,0.6755542,-0.0552181,-0.9947512,0.0228498
5.780534744,0.7046837,-0.02764976,0.7008269,-0.6941236,0.111805,0.7058278,-0.1005747,-0.9895636,0.05919831
5.800702572,0.7371939,-0.02767378,0.6663802,-0.6522147,0.1747683,0.7322217,-0.1394429,-0.9801872,0.1108887
5.820869923,0.7705001,-0.0287872,0.6273428,-0.6013147,0.2498093,0.753383,-0.1811304,-0.9635023,0.1758522
5.841037750,0.8078077,-0.03141239,0.5781578,-0.5351524,0.3358846,0.7692743,-0.2210543,-0.9365812,0.25589
5.861205101,0.8386579,-0.0396665,0.5316747,-0.4683193,0.416599,0.7730249,-0.2548108,-0.9029491,0.3328134
5.881372929,0.8641188,-0.04987457,0.4880966,-0.4047467,0.4842794,0.769183,-0.277319,-0.8677413,0.4008378
5.901539803,0.8854143,-0.05562158,0.4474716,-0.3487093,0.5388753,0.7600234,-0.2858783,-0.83435,0.4607396
5.919186592,0.9023101,-0.0675416,0.4104185,-0.2979839,0.5773615,0.75314,-0.290191,-0.807126,0.5041736
5.939354420,0.9195744,-0.08948536,0.3652786,-0.2355081,0.6138071,0.7462521,-0.2932099,-0.7773986,0.547033
5.959522247,0.9353627,-0.110915,0.3158178,-0.172221,0.6428977,0.7388785,-0.2870243,-0.7505328,0.5861903
5.979689598,0.9492041,-0.1289346,0.2631368,-0.1110903,0.6658828,0.7300845,-0.2711532,-0.7271453,0.6219296
5.999857426,0.9591746,-0.1460711,0.2131509,-0.05580611,0.6818216,0.7215689,-0.252301,-0.7088295,0.6502115
6.020024776,0.9648798,-0.1667291,0.1672012,-0.004161119,0.6901878,0.7156983,-0.2360879,-0.6960192,0.6697448
6.040192604,0.9675109,-0.1874413,0.1245712,0.04321752,0.6932682,0.7114005,-0.2208721,-0.6876222,0.6834011
6.060359478,0.9690334,-0.203118,0.08022739,0.08729249,0.6937358,0.706885,-0.2001834,-0.6826782,0.6945842
6.080527306,0.9700216,-0.2116856,0.03099022,0.1289943,0.6925088,0.7016957,-0.17068,-0.6813264,0.7036847
6.100694656,0.9691771,-0.216809,-0.02019083,0.1686752,0.6883131,0.697414,-0.1377043,-0.6839821,0.7082964
6.120862484,0.9649285,-0.2248049,-0.07157901,0.2101346,0.680957,0.6934003,-0.1072579,-0.6887839,0.7089055
6.141029835,0.9582493,-0.2332971,-0.1188363,0.2492302,0.6737036,0.6875452,-0.08021156,-0.6931137,0.7082635
6.161197662,0.9503993,-0.2361149,-0.1668418,0.2851979,0.6706802,0.6764482,-0.04741926,-0.6951041,0.7092625
6.181365013,0.9421075,-0.2248036,-0.2209005,0.3151687,0.6743826,0.659229,0.001524597,-0.6952536,0.7106907
6.201532841,0.9329736,-0.188799,-0.2843898,0.3324257,0.6896246,0.6344404,0.07756115,-0.6909244,0.7106823
6.219179153,0.9236639,-0.1443114,-0.3362209,0.3334592,0.706787,0.6146098,0.1505831,-0.684189,0.7054836
6.239346504,0.9026175,-0.08211925,-0.4070683,0.3307851,0.7299646,0.5882721,0.2510566,-0.66988,0.6905277
6.259514332,0.8679624,-0.005484402,-0.483747,0.3151963,0.759078,0.559094,0.3670047,-0.6417981,0.6649601
6.279682159,0.8258657,0.07169762,-0.5481699,0.2872832,0.7850486,0.5377056,0.4723337,-0.6054077,0.6319614
6.299849510,0.7771192,0.1422554,-0.6032102,0.2550756,0.8069464,0.5211393,0.5648323,-0.5625061,0.5948061
6.320017338,0.7222332,0.2109381,-0.6498214,0.2123806,0.8279552,0.5070059,0.6493514,-0.5076078,0.5569341
6.340184688,0.6546358,0.2738906,-0.696617,0.171201,0.8444864,0.4950674,0.7286848,-0.4465259,0.5093645
6.360352516,0.5699198,0.3359301,-0.742801,0.1190325,0.8604833,0.482546,0.8064946,-0.3662927,0.4534234
6.380519867,0.4744918,0.3854739,-0.7850615,0.0672144,0.8723993,0.4709268,0.8720058,-0.2787467,0.3905468
6.400687694,0.3790076,0.4238777,-0.816933,0.01679713,0.8779015,0.4651241,0.9202009,-0.1922246,0.3276054
6.420854568,0.2826385,0.4492808,-0.8423841,-0.03114532,0.8799237,0.4605263,0.9541982,-0.1058362,0.2641551
6.441022396,0.1903766,0.4637113,-0.860639,-0.07485004,0.8784665,0.4582835,0.9747437,-0.02445559,0.2028874
6.461189747,0.1076622,0.4673558,-0.8732218,-0.1094545,0.8757276,0.4565843,0.9843564,0.04503325,0.1458957
6.481357574,0.03347294,0.4679176,-0.8791826,-0.1354299,0.8705937,0.4594656,0.9866953,0.1024841,0.09252264
6.501524925,-0.03619021,0.467595,-0.8795138,-0.1556837,0.8633961,0.466628,0.9838457,0.1527548,0.04112916
6.519171238,-0.09656569,0.466978,-0.8755074,-0.1702458,0.8554232,0.476186,0.9775469,0.1940834,-0.003907122
6.539339542,-0.1674572,0.466333,-0.8653764,-0.1853967,0.8435519,0.4915427,0.9653865,0.2419084,-0.05606084
6.559506416,-0.2372627,0.4657742,-0.84948,-0.1996955,0.8285676,0.5111398,0.9479892,0.2901665,-0.1052858
6.579674244,-0.3059962,0.4656526,-0.8275584,-0.2132259,0.8096916,0.5354699,0.9253216,0.3396482,-0.1506324
6.599841595,-0.3720257,0.4651336,-0.8006321,-0.2233183,0.7882802,0.5627444,0.8986045,0.3875604,-0.191981
6.620009422,-0.4346768,0.4680473,-0.7669256,-0.2272398,0.7628565,0.5954175,0.8692555,0.4325409,-0.2282497
6.640177250,-0.4923721,0.4752921,-0.7268035,-0.2249013,0.7329668,0.6328435,0.838788,0.4745196,-0.2574049
6.660344601,-0.5473821,0.4839749,-0.6805059,-0.2149724,0.7002601,0.6722757,0.8069119,0.513747,-0.2830573
6.680512428,-0.6007558,0.4913362,-0.628481,-0.201997,0.6630401,0.7129924,0.7717493,0.554752,-0.303239
6.700679779,-0.6518202,0.4976636,-0.5701867,-0.1826566,0.6223752,0.7538849,0.7344511,0.5950099,-0.3193012
6.720847607,-0.6993054,0.5032358,-0.5056654,-0.1540359,0.5803849,0.7929479,0.696575,0.63186,-0.3332246
6.741014957,-0.7439954,0.5032243,-0.4376179,-0.1193526,0.5400428,0.8268743,0.6561242,0.6668819,-0.3469359
6.761182785,-0.7875694,0.4919135,-0.369219,-0.08547822,0.5019299,0.8547686,0.6090935,0.7042422,-0.3587798
6.781349659,-0.8280318,0.4693246,-0.304857,-0.05620271,0.4673268,0.8766697,0.5568165,0.742592,-0.3663859
6.801517487,-0.8629856,0.4428719,-0.2412387,-0.02332222,0.4379451,0.8932866,0.5037735,0.7761247,-0.3736551
6.819164276,-0.8889996,0.4169343,-0.1873413,0.005417317,0.4146475,0.9047079,0.4570576,0.8029269,-0.3771014
6.839331627,-0.9138831,0.3850305,-0.1264453,0.03758155,0.386465,0.9164504,0.4035152,0.8324934,-0.3740433
6.859499454,-0.9335358,0.35136,-0.06788819,0.06861621,0.3572986,0.9265391,0.3512185,0.8600751,-0.3641812
6.879666328,-0.948425,0.3161958,-0.01274206,0.09749282,0.3257216,0.9356597,0.3010602,0.8859933,-0.3463669
6.899834633,-0.959052,0.2790321,0.04565342,0.1319672,0.2945102,0.9418688,0.2500556,0.9092157,-0.325964
6.920001507,-0.9633836,0.2446631,0.1085593,0.1725456,0.2532797,0.9474302,0.2046294,0.9314161,-0.2929537
6.940169334,-0.9605724,0.2181278,0.1716244,0.216945,0.2002429,0.9511792,0.1731171,0.9509087,-0.2464145
6.960336685,-0.952177,0.1919543,0.2370442,0.2658136,0.137112,0.9501969,0.1495979,0.9678247,-0.1883122
6.980504513,-0.9412343,0.1564292,0.298683,0.311686,0.06217211,0.9443634,0.1285826,0.9820898,-0.113974
7.000671864,-0.9306049,0.1073446,0.3492614,0.3495378,-0.02029848,0.9331682,0.1064411,0.990685,-0.02527332
7.020839691,-0.9202413,0.04861718,0.3876266,0.3819652,-0.09932286,0.9155121,0.08197901,0.9908059,0.06626618
7.041007042,-0.9061278,-0.0086696,0.4221659,0.4177186,-0.167372,0.8898776,0.06172833,0.9830034,0.1488139
7.061174870,-0.8892384,-0.06329627,0.4522186,0.4543541,-0.2239112,0.8591809,0.04550231,0.9698572,0.2215129
7.081341743,-0.8709601,-0.1105251,0.4778519,0.4889946,-0.2734841,0.8253427,0.03798035,0.9529377,0.285995
7.101510048,-0.8519278,-0.1498722,0.5007582,0.5213172,-0.3155535,0.7899608,0.03806251,0.9345309,0.3408224
7.119156361,-0.8346345,-0.176602,0.5206549,0.5478313,-0.3490473,0.7574009,0.04637514,0.9179254,0.3820216
7.139323711,-0.8152136,-0.1960066,0.54384,0.5738111,-0.3903825,0.7170988,0.07015212,0.8972577,0.4247332
7.159491539,-0.7938969,-0.2042377,0.5715107,0.5964242,-0.4384918,0.6694891,0.1123193,0.8730547,0.4639885
7.179659367,-0.7702443,-0.2032618,0.603207,0.6135691,-0.4908125,0.6157935,0.1694313,0.8451942,0.4968336
7.199826717,-0.7457233,-0.1928556,0.636387,0.6211833,-0.5448701,0.560516,0.2373038,0.8141582,0.5201733
7.219994545,-0.7183617,-0.1713839,0.6728182,0.618435,-0.5995636,0.5053325,0.3155867,0.7800323,0.5306889
7.240161419,-0.6859382,-0.1391817,0.7127403,0.6037912,-0.6556207,0.45086,0.4034929,0.7405856,0.5276572
7.260329723,-0.6429866,-0.101339,0.7575558,0.5784988,-0.7131423,0.3934876,0.4994991,0.6922599,0.5109656
7.280496597,-0.5893638,-0.05671236,0.8041543,0.5379548,-0.7713093,0.3378522,0.6004042,0.632711,0.4787666
7.300664425,-0.5226744,-0.006948084,0.8506136,0.4813334,-0.8274747,0.2871238,0.701363,0.5604227,0.4293891
7.320831776,-0.4431988,0.04348497,0.8932682,0.4111474,-0.8775584,0.2449962,0.7942146,0.4766282,0.364479
7.340999603,-0.3521364,0.09020045,0.9292437,0.3294371,-0.9196395,0.2125852,0.8735567,0.3815562,0.2874537
7.361166954,-0.2500023,0.1288603,0.9569926,0.2360923,-0.9530625,0.188721,0.9363227,0.2734049,0.2011157
7.381334782,-0.1424486,0.162032,0.9734833,0.129934,-0.9749104,0.1802711,0.9782848,0.1520728,0.1110774
7.401502132,-0.03593242,0.1761104,0.9804037,0.01289348,-0.9841431,0.1766045,0.996012,0.01845326,0.02639085
7.419148445,0.05542934,0.1766932,0.9790748,-0.09823193,-0.9783326,0.1818503,0.9900296,-0.1072313,-0.04348093
7.439316273,0.1567433,0.1626858,0.9701352,-0.228267,-0.9533003,0.1969714,0.9568297,-0.2538442,-0.1187245
7.459483623,0.2445794,0.1401498,0.9550622,-0.3477883,-0.9102437,0.2233704,0.9004605,-0.3888561,-0.1800868
7.479651451,0.3171765,0.1109402,0.9371268,-0.4536048,-0.853136,0.2557557,0.8275005,-0.5087835,-0.226192
7.499818802,0.3716425,0.07205147,0.9205643,-0.5599082,-0.7757145,0.288543,0.7342566,-0.6257498,-0.2535138
7.519986629,0.4123686,0.04101968,0.904844,-0.6476088,-0.6859844,0.3284966,0.6332678,-0.7249997,-0.2614683
7.540153503,0.4387007,0.01910868,0.8930131,-0.7175537,-0.589157,0.3677492,0.5319344,-0.8060756,-0.2494506
7.560321808,0.4601073,0.02115682,0.8820461,-0.7621815,-0.4956644,0.4123039,0.444446,-0.8662953,-0.216132
7.580488682,0.4732172,0.04518548,0.8741208,-0.7943593,-0.399034,0.4535547,0.3675897,-0.9136065,-0.1565637
7.600656509,0.479953,0.08724311,0.8672086,-0.8208215,-0.2912899,0.4864377,0.2931111,-0.9501359,-0.0711481
7.620823860,0.4898763,0.134497,0.8555015,-0.8383908,-0.1758687,0.5105022,0.2169636,-0.9723282,0.02439865
7.640991688,0.5028012,0.1757517,0.8403364,-0.8484995,-0.04956071,0.5207508,0.1307774,-0.9799204,0.1227989
7.661159038,0.5162876,0.2187285,0.8218133,-0.8496619,0.08942778,0.5125707,0.03597051,-0.9678905,0.2314894
7.681326866,0.5310506,0.2700082,0.7967142,-0.8398867,0.2210906,0.4873116,-0.04741487,-0.932726,0.3445354
7.701494217,0.5406196,0.3342553,0.7652531,-0.8280391,0.3307907,0.4426653,-0.1081209,-0.877425,0.4567378
7.719140530,0.5482,0.3918349,0.7317784,-0.8166901,0.4099717,0.3942465,-0.1484976,-0.8178499,0.5464789
7.739308357,0.5628947,0.4397469,0.692265,-0.7968867,0.4905,0.3381246,-0.193855,-0.7456402,0.6288519
7.759475708,0.5906855,0.4652461,0.6510818,-0.7651694,0.5642557,0.2925411,-0.2342588,-0.6742481,0.6921694
7.779643536,0.6311021,0.4920097,0.5904531,-0.7274445,0.6281703,0.2554308,-0.2480585,-0.593588,0.7578021
7.799810886,0.6679761,0.5260044,0.5156322,-0.6983797,0.6729524,0.2193549,-0.2341429,-0.5090876,0.8208077
7.819978714,0.7017769,0.5561637,0.4321026,-0.6729894,0.7089883,0.1813662,-0.2076439,-0.4201075,0.876207
7.840146065,0.7350118,0.5674447,0.355052,-0.6443313,0.7423971,0.1480939,-0.1813634,-0.3392654,0.9160149
7.860313892,0.7694588,0.561186,0.2847252,-0.6114026,0.7729756,0.1293715,-0.1489467,-0.2749914,0.9429156
7.880480766,0.7996491,0.5470922,0.221615,-0.5806209,0.7961253,0.13019,-0.1063132,-0.2340088,0.9595419
7.900648594,0.8232067,0.5359736,0.1508861,-0.5541514,0.8148305,0.1293343,-0.05431879,-0.1911634,0.9732407
7.920815945,0.8432942,0.5189543,0.08431573,-0.5257568,0.832818,0.1327875,-0.001598734,-0.1572867,0.9807645
7.940983772,0.8603413,0.4970129,0.01558886,-0.494052,0.8508102,0.1398245,0.05636895,-0.1289048,0.9832746
7.961151123,0.8723962,0.4721012,-0.05845245,-0.4596512,0.8679735,0.1508108,0.1225435,-0.1055636,0.9800432
7.981318951,0.8767154,0.4463981,-0.1394303,-0.4244302,0.8838067,0.1613653,0.1963951,-0.08311749,0.9701711
8.001486301,0.874585,0.4166181,-0.2211021,-0.3853424,0.8996268,0.1713762,0.2719707,-0.06548188,0.9531892
8.019132614,0.8663801,0.3872258,-0.2947093,-0.3471949,0.9133477,0.1798518,0.340959,-0.05428804,0.9315429
8.039300442,0.8466313,0.3555889,-0.3798903,-0.304448,0.9265558,0.1892393,0.4219852,-0.04535019,0.8983694
8.059467793,0.8158447,0.3266678,-0.4641523,-0.2610716,0.9371795,0.2011706,0.5039752,-0.04377311,0.8553237
8.079635620,0.7741869,0.3042186,-0.5441679,-0.2180519,0.9443066,0.2182293,0.5840557,-0.0512021,0.8025578
8.099802971,0.7241404,0.2896575,-0.6165148,-0.1739299,0.9477502,0.241622,0.6585897,-0.06878471,0.7414733
8.119970799,0.6658602,0.2865988,-0.680629,-0.133373,0.946947,0.26902,0.7263652,-0.08956142,0.6731181
8.140138149,0.5995846,0.2952538,-0.7365692,-0.09628259,0.9420869,0.3001703,0.7876792,-0.1104435,0.5971522
8.160305977,0.5249578,0.3117827,-0.7854455,-0.0567819,0.9339477,0.3338751,0.8431541,-0.1322433,0.5112815
8.180472851,0.4404669,0.3365393,-0.8264468,-0.01486287,0.9223197,0.3689711,0.8922176,-0.1519931,0.4138953
8.200641155,0.3521695,0.3686197,-0.8549711,0.03029341,0.9067518,0.4049966,0.9305581,-0.1704682,0.3101054
8.220808029,0.2645183,0.4138452,-0.8661602,0.0674804,0.8855402,0.4455868,0.9575739,-0.1784191,0.2075438
8.240975857,0.165732,0.4670351,-0.8640302,0.1000192,0.8606241,0.4865924,0.9770702,-0.1692755,0.09635714
8.261143208,0.06554894,0.530196,-0.8410758,0.1238105,0.8285823,0.5345919,0.9865025,-0.1414559,-0.0117049
8.281311035,-0.03827906,0.5994987,-0.7953925,0.1417258,0.7873995,0.5897964,0.9858812,-0.09245168,-0.116321
8.301478386,-0.1429406,0.6688857,-0.7255196,0.151284,0.7352087,0.6518255,0.975141,-0.01884916,-0.208338
8.319124699,-0.2384931,0.7167732,-0.6513224,0.1554226,0.6861067,0.7026583,0.9559438,0.06419572,-0.2778116
8.339292526,-0.3404315,0.7573236,-0.5532796,0.1641799,0.6231153,0.7575117,0.9234189,0.1650454,-0.3400086
8.359459877,-0.4380885,0.7801232,-0.4423755,0.1898112,0.5571322,0.8019179,0.8765044,0.2655341,-0.3964348
8.379627704,-0.5247059,0.7868116,-0.3200082,0.2186111,0.4837445,0.8415416,0.8207843,0.3700143,-0.4307702
8.399795055,-0.6009462,0.7747699,-0.1894824,0.2444847,0.3999202,0.8779795,0.7592096,0.4799505,-0.4352458
8.419962883,-0.6680644,0.7400936,-0.06093052,0.2679064,0.3118861,0.9066998,0.6925874,0.5883365,-0.4125782
8.440130234,-0.7265802,0.6835939,0.05418712,0.2856531,0.2253512,0.9270133,0.6234093,0.6882229,-0.3652789
8.460297108,-0.7776045,0.6091335,0.1509553,0.2973117,0.1415351,0.9401455,0.5526635,0.7753865,-0.2976599
8.480465412,-0.8196455,0.5170926,0.2440901,0.3141827,0.04675502,0.9444801,0.4777593,0.8505109,-0.2074401
8.500632286,-0.8493433,0.4085732,0.3326675,0.3418339,-0.05660236,0.9346564,0.4009356,0.9074695,-0.09832597
8.520800114,-0.8640834,0.2935787,0.4077434,0.377124,-0.1603113,0.9090731,0.3319949,0.939387,0.02107304
8.540967464,-0.8669794,0.1851633,0.4616969,0.4098997,-0.2625679,0.87067,0.2818363,0.9443508,0.1450725
8.561135292,-0.8576838,0.09028026,0.5052406,0.440193,-0.3789634,0.8114358,0.2639104,0.9187204,0.2787094
8.581302643,-0.8385978,0.009810641,0.5436624,0.4676218,-0.4989156,0.7273466,0.2774796,0.8646427,0.4073145
8.601470470,-0.8160687,-0.06403376,0.5733157,0.4929261,-0.5950059,0.6326612,0.2996918,0.7994598,0.5107434
8.621637821,-0.7963747,-0.1313735,0.5891985,0.5163948,-0.6548012,0.5497668,0.3126504,0.7427301,0.5830301
8.639284134,-0.7805257,-0.1809044,0.5971373,0.5355966,-0.6860666,0.4902361,0.3200557,0.7031847,0.6262005
8.659451961,-0.7610563,-0.2260078,0.6067142,0.5544573,-0.7121086,0.4284117,0.3343034,0.6632345,0.6611784
8.679619312,-0.7376227,-0.2455801,0.6275615,0.5671197,-0.7298894,0.3792294,0.3640306,0.6364983,0.6716229
8.699787140,-0.7102647,-0.2474246,0.657534,0.572278,-0.7472258,0.3353307,0.4075141,0.6154103,0.6663059
8.719954491,-0.6789038,-0.2382451,0.6929381,0.5691816,-0.7675371,0.2921495,0.4614719,0.5937662,0.6506553
8.740122318,-0.6460426,-0.222899,0.7283939,0.5568752,-0.7911007,0.2502812,0.5197419,0.5683897,0.6291373
8.760289669,-0.6125233,-0.2057097,0.761502,0.5387254,-0.8146605,0.2117856,0.5761743,0.5410745,0.6036927
8.780457497,-0.5765611,-0.1856207,0.7938931,0.5171462,-0.8363942,0.1786087,0.6303024,0.514671,0.5720399
8.800624371,-0.5349793,-0.1633116,0.8270369,0.4931225,-0.8566307,0.1484824,0.683733,0.4884119,0.5325658
8.820792198,-0.4881051,-0.1395994,0.8595421,0.4626676,-0.8780597,0.1188589,0.7377258,0.4568377,0.4868581
8.840959549,-0.4359505,-0.1143925,0.8905376,0.4222489,-0.9016613,0.08971894,0.7923689,0.4162427,0.434988
8.861127377,-0.3785042,-0.09168513,0.918769,0.3726681,-0.925745,0.06011498,0.8447847,0.3661819,0.3780935
8.881294727,-0.3149596,-0.07233642,0.9439,0.3157464,-0.9481252,0.03182806,0.8924596,0.3089923,0.3149137
8.901462555,-0.2439582,-0.06299433,0.9650993,0.2531106,-0.9673234,0.0001775473,0.9334452,0.2451463,0.2453237
8.919109344,-0.1767101,-0.05512222,0.9798886,0.1970148,-0.9801261,-0.0200949,0.9614601,0.1902109,0.177405
8.939276218,-0.09582031,-0.05154978,0.9909905,0.1314577,-0.9905187,-0.03908635,0.9835845,0.1270885,0.09499514
8.959444046,-0.01414376,-0.05288944,0.9951646,0.06433817,-0.9965562,-0.05208779,0.9944901,0.06368081,0.01077557
8.979611397,0.06071037,-0.05907644,0.9928091,-0.004222581,-0.9982474,-0.05892682,0.9945562,-0.0004174262,-0.06759286
8.999778748,0.1343192,-0.05574241,0.985495,-0.0736899,-0.9962133,-0.04586209,0.9843157,-0.06653057,-0.1446624
9.019946575,0.1999978,-0.05490225,0.9741114,-0.1385258,-0.9899651,-0.02668498,0.9657732,-0.1299509,-0.2123259
9.040113926,0.2602866,-0.05197625,0.9597128,-0.2045311,-0.9787812,0.00336393,0.9391045,-0.1978453,-0.272085
9.060281754,0.3229319,-0.03343198,0.9411023,-0.2834913,-0.9566552,0.06442911,0.8980111,-0.2887919,-0.3249956
9.080448627,0.3827344,-0.02005576,0.918578,-0.3697266,-0.9189218,0.135418,0.8411243,-0.3932347,-0.3655089
9.100616455,0.4332435,-0.01350617,0.8957957,-0.457884,-0.8632679,0.2102105,0.7700484,-0.5036505,-0.3862926
9.120783806,0.4746385,0.001951516,0.87451,-0.5388155,-0.7876995,0.2962692,0.6888029,-0.6148933,-0.3785032
9.140951633,0.5029661,0.02870664,0.8579414,-0.6112832,-0.6906323,0.3837619,0.6026777,-0.7211908,-0.334929
9.161118984,0.527231,0.07093409,0.8406508,-0.6679828,-0.5746281,0.4698214,0.5152905,-0.8135733,-0.2599657
9.181286812,0.551737,0.1236433,0.8184322,-0.7078112,-0.4433248,0.5465449,0.4290948,-0.8856751,-0.1606086
9.201454163,0.5789676,0.1607293,0.7926617,-0.7312403,-0.3161013,0.6006286,0.3455923,-0.9325413,-0.0681738
9.219100475,0.5968363,0.1737561,0.7764179,-0.7486607,-0.2092238,0.624819,0.269301,-0.9595313,0.003180146
9.239268303,0.6054699,0.1720529,0.770049,-0.7663212,-0.1061339,0.628855,0.1879616,-0.9762707,0.06614426
9.259435654,0.6094159,0.1946283,0.7614964,-0.7761825,-0.005468555,0.6251423,0.1236837,-0.9774365,0.146917
9.279603481,0.6149378,0.2219253,0.7494718,-0.7788597,0.0910475,0.6145965,0.06585151,-0.9670059,0.2286395
9.299770832,0.6262387,0.2490996,0.7313042,-0.7724286,0.1818858,0.6019136,0.01450527,-0.9470456,0.3067256
9.319938660,0.6445493,0.280568,0.7033814,-0.7567393,0.271293,0.5875125,-0.02845332,-0.9160278,0.3882267
9.340106010,0.6701456,0.3153586,0.6634666,-0.7320905,0.3591317,0.5708765,-0.06068334,-0.8731583,0.4732593
9.360272884,0.6953264,0.3536666,0.6164463,-0.706363,0.4374979,0.5476778,-0.07834178,-0.8208652,0.5563679
9.380440712,0.7115794,0.3978842,0.5690334,-0.6893579,0.5010692,0.5134114,-0.08304575,-0.7619014,0.6337121
9.400608063,0.7251707,0.4331495,0.5242829,-0.6745707,0.5543879,0.4765753,-0.08628699,-0.7032433,0.6975338
9.420775890,0.7411683,0.4508576,0.485441,-0.6552535,0.6055724,0.4394262,-0.09781805,-0.647441,0.7479718
9.440943241,0.7603124,0.45586,0.4497161,-0.6308475,0.6523705,0.4065713,-0.1099291,-0.596205,0.7876539
9.461111069,0.7843572,0.4518952,0.4105353,-0.5996344,0.6953222,0.381485,-0.1148349,-0.548528,0.8207613
9.481278419,0.8104118,0.4444242,0.3653881,-0.5651283,0.7328185,0.3632067,-0.1079416,-0.503762,0.8497622
9.501446247,0.8379614,0.4319806,0.3143513,-0.5265999,0.7660526,0.3520573,-0.09009167,-0.4632975,0.8744121
9.521613121,0.8662076,0.4110178,0.2610775,-0.4826322,0.7949834,0.3506575,-0.06452382,-0.4323874,0.8922527
9.539259910,0.8894823,0.3901525,0.2094237,-0.4414536,0.8177236,0.3524017,-0.03458317,-0.4084718,0.9050447
9.559427738,0.9122719,0.3690664,0.1365701,-0.3932626,0.84218,0.3516411,0.01435009,-0.3769575,0.9191041
9.579595089,0.9278006,0.3501166,0.0600104,-0.3481241,0.8625866,0.3495578,0.07065775,-0.3475621,0.9280105
9.599762916,0.937088,0.3295617,-0.01376622,-0.3043067,0.879555,0.3479983,0.1272707,-0.3241827,0.9304231
9.619930267,0.9415892,0.3058178,-0.0823994,-0.2597889,0.8933467,0.3488141,0.1811736,-0.3092524,0.9265769
9.640098095,0.9410666,0.2826722,-0.1462793,-0.2165944,0.9030589,0.353179,0.2332125,-0.3028943,0.917026
9.660264969,0.9358274,0.2604925,-0.2081206,-0.1731813,0.9093434,0.3608669,0.2849189,-0.3039084,0.9020157
9.680432320,0.9244772,0.2446676,-0.2692572,-0.1359477,0.9139588,0.3650865,0.337461,-0.3031629,0.8840277
9.700600147,0.9082997,0.2320151,-0.3290731,-0.10124,0.9170786,0.3684923,0.3897058,-0.3036529,0.8621855
9.720767498,0.8877086,0.2229151,-0.3867168,-0.06857047,0.9181892,0.3732141,0.4410659,-0.3070823,0.8359295
9.740935326,0.8622221,0.2208336,-0.4418654,-0.03924789,0.9160455,0.382618,0.4924147,-0.3149118,0.8038604
9.761102676,0.8306762,0.2261336,-0.4964807,-0.01106562,0.9104323,0.3976242,0.5454421,-0.3272477,0.7638749
9.781270504,0.796307,0.2385177,-0.5448747,0.01093478,0.9035623,0.413057,0.5946929,-0.3374092,0.7217219
9.801437378,0.7586341,0.2565837,-0.5888788,0.02895174,0.895646,0.4291797,0.6416971,-0.345251,0.6765496
9.821605682,0.7144498,0.279498,-0.6323597,0.043951,0.8878939,0.4438236,0.6899756,-0.3475513,0.6262374
9.839251995,0.6710847,0.305823,-0.6669683,0.0547536,0.8790569,0.4599861,0.7316942,-0.3479331,0.5770007
9.859419346,0.6169721,0.3442176,-0.6999668,0.06054237,0.8670204,0.4816823,0.7776721,-0.3423411,0.5174878
9.879587173,0.5602466,0.3894489,-0.7238297,0.05879426,0.8529335,0.5065073,0.8198434,-0.3291443,0.4579163
9.899754524,0.4985809,0.440669,-0.7396759,0.05356258,0.8351857,0.5359273,0.8593257,-0.3096737,0.3952856
9.919921398,0.4315467,0.4959473,-0.747093,0.04645832,0.8133777,0.5692338,0.8955185,-0.2832346,0.3299311
9.940089226,0.3572062,0.5519242,-0.747415,0.03510967,0.7896879,0.6025688,0.9284486,-0.2443389,0.2641124
9.960256577,0.276738,0.6098738,-0.7367891,0.02006456,0.7604476,0.6398768,0.9562435,-0.1946762,0.1990273
9.980424404,0.1917869,0.6662422,-0.7150528,-0.0007455647,0.7258984,0.6792863,0.9773325,-0.1324827,0.1399316
10.000591755,0.09476216,0.716482,-0.6857766,-0.02241808,0.6871794,0.7182631,0.9915309,-0.05529916,0.08074041
10.020759583,-0.009869978,0.7518262,-0.6542028,-0.04021689,0.6501133,0.7514018,0.9957944,0.03129765,0.0227055
10.040926933,-0.1088028,0.772038,-0.6213762,-0.05643705,0.6158189,0.7788991,0.9894271,0.1175848,-0.02515587
10.061094761,-0.2013731,0.7803016,-0.5875302,-0.06783327,0.5836754,0.8025211,0.9744028,0.1994264,-0.06689209
10.081261635,-0.2887772,0.7804632,-0.550171,-0.07365346,0.551144,0.8248356,0.9520431,0.2768678,-0.1044911
10.101429939,-0.3722353,0.7699583,-0.5141703,-0.07441196,0.5236568,0.8425969,0.9228594,0.3502443,-0.1409438
10.119076252,-0.4433042,0.7547319,-0.4796941,-0.07006058,0.5004939,0.8570164,0.8915258,0.412026,-0.1727332
10.139243603,-0.5219765,0.7384982,-0.4230089,-0.05689719,0.4607913,0.8801027,0.8491637,0.4821188,-0.2027438
10.159411430,-0.5971374,0.719067,-0.3516426,-0.03764346,0.4088864,0.9065827,0.7995578,0.5534003,-0.2218258
10.179578781,-0.666724,0.6893885,-0.2792392,-0.01637873,0.3571566,0.9289868,0.7436147,0.6229191,-0.23201
10.199745655,-0.7279153,0.6523434,-0.2067657,0.00944829,0.3072602,0.9469341,0.6842622,0.6864558,-0.2353852
10.219913483,-0.778021,0.6129514,-0.1321997,0.04022512,0.2548903,0.9617426,0.6257541,0.7421978,-0.2288517
10.240080833,-0.8168825,0.5733654,-0.05215311,0.07644297,0.1936781,0.9739579,0.570635,0.7910054,-0.2081957
10.260248661,-0.8441727,0.5342878,0.02929011,0.1144955,0.1229767,0.9819332,0.522697,0.8317684,-0.1713471
10.280416012,-0.8616918,0.4950605,0.1070955,0.1520886,0.04752529,0.9836388,0.4831391,0.8634763,-0.1227544
10.300583839,-0.8701188,0.4582868,0.1788589,0.1872218,-0.03116649,0.9784898,0.4549344,0.884572,-0.06529176
10.320751190,-0.8721345,0.4246838,0.2411693,0.2169299,-0.1087499,0.9670075,0.4375619,0.895436,-0.003953159
10.340919018,-0.8729176,0.3860853,0.2968094,0.2426967,-0.1864305,0.9491335,0.4222037,0.9003856,0.06232452
10.361085892,-0.8750671,0.3366147,0.3465623,0.2689652,-0.2591339,0.924938,0.4013386,0.9025204,0.1294839
10.381253242,-0.8745329,0.2838098,0.3921708,0.2989051,-0.323109,0.8953718,0.3807908,0.9002705,0.1909925
10.401421070,-0.8705104,0.2356251,0.4310673,0.3283165,-0.3759473,0.8640965,0.3654401,0.8938318,0.2431734
10.421588421,-0.8645632,0.1905586,0.464009,0.3547988,-0.4236677,0.8311055,0.354591,0.8833492,0.2919683
10.439234733,-0.8589801,0.1511244,0.4882248,0.3746164,-0.4655538,0.7995734,0.3476559,0.869952,0.3366064
10.459403038,-0.8532941,0.1075285,0.5092517,0.3939332,-0.5077899,0.7639674,0.3401709,0.8527997,0.3842912
10.479569912,-0.8467121,0.06440885,0.5271585,0.4132959,-0.545031,0.7273645,0.3335133,0.8341008,0.4282655
10.499737739,-0.8369064,0.02497768,0.5457689,0.4366103,-0.5713904,0.6928157,0.328419,0.8185342,0.4607494
10.519905090,-0.8213643,-0.00660786,0.5693086,0.4633799,-0.590134,0.6589815,0.3308096,0.8055643,0.4812906
10.540072918,-0.8022231,-0.03567377,0.5948374,0.4878961,-0.6137198,0.6186275,0.3421425,0.7870641,0.5033178
10.560240269,-0.7797282,-0.06329331,0.6217172,0.5110306,-0.6383686,0.5734931,0.3597028,0.7655328,0.5237331
10.580407619,-0.753087,-0.08440399,0.651207,0.5325581,-0.6597387,0.5280452,0.3841567,0.7452019,0.5354823
10.600575447,-0.7241115,-0.1025154,0.6806558,0.5498668,-0.6819515,0.4800454,0.4140631,0.7226947,0.5439215
10.620742321,-0.6925834,-0.1156402,0.7105505,0.561551,-0.7052509,0.4304573,0.4504611,0.6980404,0.5471643
10.640910149,-0.6569926,-0.1256229,0.7417992,0.5641452,-0.7353452,0.3731254,0.4977824,0.6646061,0.5477878
10.661077499,-0.6153727,-0.1349859,0.77492,0.5535064,-0.7748928,0.3027431,0.5588854,0.6162804,0.5453645
10.681245327,-0.5629231,-0.1502165,0.810928,0.5270656,-0.8222287,0.2119967,0.6343274,0.547883,0.5358111
10.701412678,-0.4957116,-0.1714038,0.8494052,0.484364,-0.8678711,0.1063014,0.7185123,0.465327,0.5069966
10.721580505,-0.4150798,-0.1979812,0.8857577,0.4227484,-0.9058816,-0.005228624,0.8031482,0.3735598,0.4534336
10.739227295,-0.3365128,-0.2302354,0.9106456,0.3508041,-0.9301786,-0.105987,0.8713324,0.2851112,0.3874694
10.759394169,-0.2459976,-0.2759715,0.9264118,0.251315,-0.9436839,-0.2142933,0.9334024,0.1814402,0.2951329
10.779561520,-0.1564921,-0.318862,0.9317443,0.1432898,-0.9434911,-0.29818,0.9743143,0.08814964,0.1869092
10.799729347,-0.07836503,-0.3464402,0.931462,0.03141099,-0.9378424,-0.34503,0.9933054,0.003394976,0.07786149
10.819896698,-0.03388137,-0.3771263,0.9220148,-0.08156829,-0.9217763,-0.3783483,0.9928152,-0.08704367,-0.00612402
10.840064526,-0.01082224,-0.4197039,0.9039134,-0.1849218,-0.8910315,-0.4136807,0.979293,-0.1708112,-0.07461238
10.860231876,-0.003777206,-0.47301,0.8772275,-0.2815096,-0.8448236,-0.453849,0.9560434,-0.247968,-0.1366379
10.880399704,-0.001339257,-0.5336666,0.8417021,-0.3652818,-0.7869017,-0.4959008,0.927271,-0.3074872,-0.2005692
10.900566578,0.00246501,-0.5740914,0.8146481,-0.4366935,-0.7371357,-0.5139619,0.8958411,-0.353945,-0.2592205
10.920733929,0.00663203,-0.5803493,0.8101612,-0.5074798,-0.7036272,-0.4953524,0.8576891,-0.4075592,-0.305914
10.940901756,0.007029593,-0.5814185,0.8093892,-0.5697484,-0.6709476,-0.4722253,0.8176461,-0.4577799,-0.3427233
10.961069107,0.006967545,-0.579199,0.8109798,-0.6167789,-0.6441265,-0.4497605,0.7827793,-0.4972215,-0.3684667
10.981236935,-0.0006309152,-0.5979084,0.7973485,-0.6537606,-0.6062781,-0.4498537,0.7522341,-0.5218015,-0.3972425
11.001404285,-0.02123231,-0.6391655,0.7644703,-0.6806436,-0.55398,-0.4762585,0.7277856,-0.5306273,-0.4300215
11.021572113,-0.04481459,-0.6787437,0.7285988,-0.7051556,-0.4982465,-0.5011206,0.7030681,-0.5363519,-0.4630337
11.039218426,-0.06266499,-0.6994633,0.7074619,-0.7298594,-0.4543986,-0.5070969,0.6760595,-0.5482637,-0.4887764
11.059385777,-0.08247143,-0.7266017,0.6775396,-0.7581659,-0.3984596,-0.5122081,0.6420237,-0.556078,-0.5247642
11.079553604,-0.1107916,-0.7643686,0.630451,-0.7794887,-0.3296517,-0.5283993,0.6116577,-0.5500447,-0.5660378
11.099720955,-0.1464468,-0.7974011,0.5804719,-0.7920835,-0.2599835,-0.5477417,0.5877073,-0.539971,-0.6002793
11.119887829,-0.1849697,-0.8080101,0.5544443,-0.8025603,-0.2043049,-0.5556883,0.562304,-0.5477337,-0.6174315
11.140056133,-0.2203826,-0.806173,0.5442961,-0.8171082,-0.1548517,-0.5501408,0.527738,-0.5660439,-0.6313481
11.160223007,-0.2580693,-0.8051435,0.5292826,-0.8302714,-0.09777588,-0.5431427,0.4889227,-0.57974,-0.6499965
11.180390835,-0.2921687,-0.794842,0.5273418,-0.8425589,-0.04910135,-0.530349,0.4471664,-0.5995011,-0.6620888
11.200558186,-0.3331135,-0.7844089,0.5188834,-0.8545637,0.01689422,-0.5124223,0.3927571,-0.6144578,-0.6826735
11.220726013,-0.3745686,-0.7830903,0.4921886,-0.8642669,0.1014008,-0.4851101,0.3294278,-0.607502,-0.7214847
11.240893364,-0.4146838,-0.7853561,0.4553079,-0.8675079,0.1894155,-0.4511423,0.2674314,-0.5825076,-0.7665446
11.261060715,-0.4503255,-0.7878174,0.4157442,-0.8649068,0.2691281,-0.4134564,0.2131565,-0.5462177,-0.8092738
11.281228542,-0.4804217,-0.7825407,0.3915618,-0.8599694,0.3334974,-0.3744839,0.1616888,-0.5171224,-0.8398578
11.301395416,-0.5021312,-0.7670951,0.3950583,-0.8564155,0.3811193,-0.3346419,0.1051602,-0.5069493,-0.8549652
11.321563244,-0.5228592,-0.7523506,0.3966972,-0.8490633,0.4280769,-0.2936144,0.04991458,-0.4910057,-0.8692179
11.339210033,-0.5414596,-0.7390779,0.3968533,-0.8388844,0.4699653,-0.2559118,0.001297519,-0.4722094,-0.8810301
11.359377384,-0.5619026,-0.7218763,0.4002566,-0.8234226,0.5174801,-0.2096542,-0.05732352,-0.44819,-0.891689
11.379545212,-0.5782909,-0.7092054,0.3997034,-0.8065432,0.5592924,-0.1617487,-0.1105589,-0.416776,-0.901894
11.399712086,-0.5880581,-0.7019507,0.3983398,-0.7919396,0.590477,-0.1159388,-0.1556955,-0.3845456,-0.9095458
11.419880390,-0.5952544,-0.6899384,0.4085673,-0.7773089,0.6149745,-0.08188117,-0.1968071,-0.3672857,-0.9087092
11.440047264,-0.5997422,-0.6705251,0.4335963,-0.7603135,0.6388277,-0.05262224,-0.2439938,-0.3622731,-0.8991914
11.460214615,-0.5927633,-0.6454976,0.4787669,-0.7412738,0.6626352,-0.01460753,-0.3104804,-0.3647369,-0.8773492
11.480382442,-0.5629219,-0.6176324,0.5465355,-0.7229782,0.6817616,0.03406705,-0.3968292,-0.3773436,-0.8360818
11.500549793,-0.506812,-0.5853935,0.6301821,-0.7048439,0.6958995,0.08648771,-0.4929605,-0.4019944,-0.7706122
11.520717621,-0.4242807,-0.5451025,0.7203929,-0.6815579,0.7098794,0.1414812,-0.5929431,-0.4328989,-0.6773781
11.540884495,-0.3110921,-0.4995624,0.8056129,-0.6482584,0.7255048,0.2043638,-0.6916182,-0.4609132,-0.553363
11.561052799,-0.164074,-0.4636528,0.8674486,-0.6174465,0.7283688,0.2767307,-0.7656375,-0.4927942,-0.4086121
11.581219673,0.008360356,-0.4439692,0.8921993,-0.5946262,0.7095295,0.3625686,-0.7997174,-0.536589,-0.259869
11.601387024,0.1693004,-0.4219328,0.8862408,-0.5700737,0.6860461,0.4392991,-0.7990406,-0.5830442,-0.1252725
11.621554851,0.287558,-0.3717851,0.8777251,-0.5403525,0.6883071,0.4720854,-0.7852674,-0.6136947,-0.003035624
11.639201641,0.3719151,-0.3287419,0.8627599,-0.5105763,0.698676,0.4895982,-0.7692448,-0.6263572,0.09257331
11.659368515,0.4619718,-0.2987242,0.8291472,-0.4737259,0.7025033,0.5201824,-0.7431723,-0.6370006,0.184222
11.679536343,0.5495831,-0.276081,0.7818479,-0.4378598,0.6974419,0.5571398,-0.7041205,-0.6526141,0.2641642
11.699703693,0.6329123,-0.2433946,0.7274386,-0.409583,0.6879438,0.5895674,-0.6485751,-0.675357,0.3379624
11.719871521,0.7095087,-0.1942849,0.66882,-0.3869029,0.6819556,0.611472,-0.579114,-0.697026,0.4114145
11.740038872,0.7797637,-0.1332768,0.6018319,-0.3681227,0.6759838,0.6294659,-0.4944188,-0.7169232,0.4812281
11.760206222,0.8423741,-0.07329731,0.522117,-0.3471652,0.6619997,0.6557607,-0.396806,-0.7383586,0.5357357
11.780374050,0.8957124,-0.02151574,0.4294762,-0.3188801,0.6310589,0.6993416,-0.2884929,-0.76831,0.5620812
11.800540924,0.9347108,0.03135948,0.335086,-0.2861719,0.593179,0.7453176,-0.1771207,-0.7977526,0.5671408
11.820708752,0.9562811,0.09866706,0.250194,-0.2609403,0.5627444,0.7776173,-0.06513341,-0.8142748,0.5675751
11.840876102,0.9597749,0.1831565,0.1790719,-0.2514647,0.5400575,0.7966903,0.04877046,-0.8151096,0.5680152
11.861043930,0.9444592,0.2815084,0.1250385,-0.2628166,0.5247114,0.8033189,0.160652,-0.796961,0.5730914
11.881211281,0.9143325,0.3811694,0.07611911,-0.280041,0.5096485,0.8072504,0.2695575,-0.764713,0.5761268
11.901378632,0.8714348,0.4766452,0.02806571,-0.3017624,0.5031525,0.803516,0.370024,-0.7137983,0.5855591
11.921546459,0.8169529,0.5657141,-0.01732443,-0.3379214,0.5106506,0.7841273,0.4540282,-0.6395422,0.6115345
11.939192772,0.7624687,0.6356776,-0.05164507,-0.3846974,0.5214272,0.7548903,0.5086858,-0.5601476,0.6452718
11.959360123,0.6959686,0.7042512,-0.09065814,-0.4424527,0.5283556,0.717473,0.5553595,-0.4632085,0.6823974
11.979527950,0.6187099,0.7704882,-0.1123719,-0.5142424,0.5111732,0.6812222,0.584666,-0.3672285,0.715359
11.999695301,0.5184644,0.8421165,-0.1085923,-0.5977463,0.4515011,0.6550234,0.6030356,-0.2778417,0.739876
12.019863129,0.4020091,0.9055097,-0.09478649,-0.6745709,0.365032,0.6344279,0.6114625,-0.1938991,0.7593746
12.040030479,0.2803983,0.9518418,-0.08208159,-0.7356715,0.2689624,0.6147254,0.6095307,-0.1144421,0.7767822
12.060197353,0.1608217,0.9808344,-0.06534433,-0.7799436,0.1669391,0.5966134,0.5983259,-0.04715475,0.7922706
12.080365181,0.04167151,0.9948418,-0.03907251,-0.8117874,0.0559705,0.5751047,0.576401,0.00583306,0.8096424
12.100532532,-0.08908131,0.9929232,-0.004868925,-0.8323546,-0.07255474,0.5437516,0.5413926,0.05082835,0.831838
12.120700359,-0.2421245,0.9672753,0.02533464,-0.8390518,-0.2233299,0.4907921,0.481929,0.09624502,0.8636609
12.140867710,-0.4083295,0.9099595,0.03534795,-0.8242165,-0.3860687,0.4092391,0.3872246,0.137052,0.9046687
12.161035538,-0.567642,0.8214376,0.01030358,-0.7805752,-0.5433844,0.3039007,0.2560632,0.1639922,0.9457339
12.181202889,-0.703593,0.7086452,-0.02791944,-0.7002099,-0.6879599,0.1852362,0.112533,0.1497607,0.9754907
12.201369762,-0.8073981,0.5848859,-0.06868418,-0.5886716,-0.8048666,0.06587335,-0.01657746,0.09371234,0.9887005
12.221537590,-0.8775138,0.4650698,-0.113373,-0.4642549,-0.884562,-0.0351954,-0.1166649,0.02194223,0.9861597
12.239184380,-0.9172912,0.369798,-0.1458368,-0.3550886,-0.9271839,-0.1172646,-0.1786925,-0.05557273,0.9755284
12.259351730,-0.9447206,0.2799764,-0.1695388,-0.2429641,-0.9470029,-0.2092759,-0.2193139,-0.1563369,0.9561722
12.279519558,-0.9613664,0.2067696,-0.1809984,-0.1485604,-0.9453083,-0.2897468,-0.2311793,-0.2515347,0.9328713
12.299686432,-0.9724116,0.1452704,-0.1820056,-0.07397796,-0.9339926,-0.3489124,-0.2208094,-0.325744,0.9122699
12.319853783,-0.9815378,0.09999648,-0.1626642,-0.02789759,-0.9181357,-0.3945838,-0.1888932,-0.382721,0.8972445
12.340021610,-0.9906039,0.06626955,-0.1193689,-0.007557169,-0.8999134,-0.4352282,-0.1363212,-0.4302197,0.8852186
12.360188961,-0.9977765,0.04234044,-0.05132608,-0.01224542,-0.8754978,-0.4821969,-0.06539976,-0.4804905,0.8673275
12.380356788,-0.9991573,0.02339485,0.03364062,-0.03778329,-0.8442467,-0.5336378,0.01585663,-0.5344619,0.8376779
12.400524139,-0.9913269,0.0007366501,0.1311946,-0.07936428,-0.8003117,-0.5931742,0.1044695,-0.5984595,0.7866902
12.420691967,-0.9709272,-0.02747092,0.2373807,-0.1383728,-0.746121,-0.6499569,0.1948261,-0.6639551,0.7138951
12.440859318,-0.9338688,-0.06366333,0.3512691,-0.21741,-0.6801347,-0.6985643,0.2831535,-0.7288389,0.6145948
12.461026192,-0.8767459,-0.1118021,0.4668892,-0.3147136,-0.6019723,-0.7320517,0.3625473,-0.7889516,0.4858924
12.481194019,-0.8011051,-0.17122,0.5723396,-0.4220306,-0.5176442,-0.7420788,0.4228227,-0.8363459,0.3357623
12.501361370,-0.7143408,-0.2283965,0.6600191,-0.5295568,-0.4411571,-0.7219282,0.4553677,-0.8657053,0.1875729
12.521529198,-0.6229612,-0.2737997,0.7310333,-0.6342808,-0.3708439,-0.6752175,0.4550428,-0.8850223,0.05082494
12.539175987,-0.5439197,-0.3004449,0.7815419,-0.7215231,-0.3082229,-0.6162277,0.4248286,-0.9000361,-0.0555408
12.559342861,-0.4582575,-0.3119066,0.8300965,-0.8133541,-0.2282872,-0.5302214,0.3532719,-0.9194531,-0.155265
12.579510212,-0.3734624,-0.2953814,0.8769546,-0.8943162,-0.1318075,-0.4206768,0.2376932,-0.9431438,-0.2207379
12.599678039,-0.2826214,-0.2379564,0.9266405,-0.9540231,-0.006350458,-0.2882652,0.07159528,-0.9677984,-0.2303226
12.619845390,-0.1735749,-0.1515531,0.9702206,-0.9727167,0.1576214,-0.1454914,-0.1346047,-0.9717908,-0.1787847
12.640013218,-0.03390792,-0.07236958,0.9935268,-0.9376441,0.3343708,-0.004215688,-0.3363871,-0.9348567,-0.08180752
12.660180569,0.1318428,-0.0359641,0.9867567,-0.8493831,0.5002706,0.1347476,-0.5035181,-0.8592527,0.03430739
12.680348396,0.3150159,-0.05091181,0.9430279,-0.7203724,0.6270714,0.2772514,-0.6107022,-0.770203,0.1612333
12.700515270,0.4941776,-0.1031322,0.8573639,-0.5703419,0.7003481,0.4156348,-0.6483973,-0.6981447,0.2889292
12.720682621,0.6345204,-0.1395454,0.7529183,-0.4311881,0.7409798,0.5032721,-0.6327999,-0.647868,0.4126774
12.740850449,0.7345136,-0.1300834,0.6571665,-0.335177,0.7714323,0.5297163,-0.5800396,-0.6132057,0.5265317
12.761017799,0.8170441,-0.09265292,0.5582098,-0.2743632,0.7913626,0.5351514,-0.4948813,-0.5942034,0.6253412
12.781185627,0.8841205,-0.02951088,0.4524945,-0.2439591,0.8038747,0.5311326,-0.3822383,-0.5837353,0.7082545
12.801352978,0.9333006,0.04821987,0.3370224,-0.2321564,0.8087201,0.5290321,-0.2490235,-0.5757138,0.7710995
12.821519852,0.9585568,0.1395573,0.2201852,-0.2393055,0.8032282,0.5342228,-0.1033956,-0.5684935,0.808656
12.839166641,0.9583634,0.2302736,0.1237085,-0.2598285,0.7871199,0.5485223,0.02861612,-0.5615707,0.8194793
12.859334469,0.9321671,0.3422158,0.03033351,-0.2968149,0.757413,0.57129,0.1730106,-0.545307,0.8126996
12.879501820,0.8796621,0.4604321,-0.03895685,-0.3445951,0.7087865,0.6060935,0.3078467,-0.5235431,0.7868164
12.899669647,0.797346,0.587594,-0.08275566,-0.4077706,0.6424665,0.6402192,0.4310898,-0.4805108,0.7559274
12.919836998,0.6803591,0.7175074,-0.104689,-0.4913679,0.5609194,0.6583295,0.5332299,-0.4000292,0.7375107
12.940003872,0.5233901,0.8394899,-0.1050863,-0.5910669,0.4503581,0.6618412,0.6053315,-0.2874901,0.7343186
12.960171700,0.3202846,0.9399021,-0.07137978,-0.6971672,0.2861154,0.6507071,0.6344045,-0.161387,0.7481259
12.980339050,0.07133231,0.9935179,-0.02461269,-0.7887939,0.07091656,0.6046069,0.6045557,-0.02584046,0.7885287
13.000506878,-0.201305,0.9767715,-0.00227496,-0.834181,-0.1712022,0.5188837,0.5081632,0.1049553,0.8475199
13.020674229,-0.4568064,0.8874913,-0.004732236,-0.8114295,-0.4157808,0.4059153,0.3595074,0.1885313,0.9068331
13.040841579,-0.6651699,0.7448947,-0.02054215,-0.7196722,-0.6351488,0.2760371,0.1932925,0.1981324,0.9540434
13.061009407,-0.8108671,0.5824153,-0.04484577,-0.5826852,-0.8010843,0.1319091,0.04119084,0.1330957,0.9834675
13.081176281,-0.8921652,0.4451697,-0.07167817,-0.4452261,-0.8948765,-0.01613963,-0.0713268,0.01762767,0.9905423
13.101344109,-0.9307787,0.3560328,-0.08015397,-0.3418021,-0.9274683,-0.1499486,-0.1278879,-0.1120443,0.9786441
13.121511459,-0.9486406,0.3134632,-0.03841189,-0.2923824,-0.9178421,-0.2674401,-0.1193617,-0.2423891,0.9559326
13.139158249,-0.9516959,0.3024593,0.04967413,-0.300004,-0.8861879,-0.3519956,-0.06282319,-0.3498881,0.9277005
13.159326077,-0.9332708,0.2923447,0.2075817,-0.3554123,-0.831073,-0.4264508,0.0473043,-0.4719245,0.8731627
13.179492950,-0.8703202,0.2611266,0.4165103,-0.4568297,-0.7432191,-0.4870315,0.1815891,-0.6145778,0.7598992
13.199660301,-0.7392766,0.183439,0.6465765,-0.6012855,-0.6114327,-0.5118438,0.3002777,-0.7680355,0.5562865
13.219828129,-0.5473883,0.0694235,0.8321614,-0.7590172,-0.4585524,-0.4582241,0.3481452,-0.8838874,0.2979606
13.239995480,-0.3328779,-0.03240597,0.9400221,-0.8900818,-0.3146057,-0.3227285,0.3040494,-0.946229,0.07058489
13.260163307,-0.1333452,-0.08657643,0.9843156,-0.9714043,-0.1739937,-0.1432745,0.1809593,-0.9780892,-0.06550729
13.280330658,0.04277343,-0.1223009,0.9880171,-0.9955231,-0.0007819533,0.04681808,-0.008314222,-0.9890907,-0.1254188
13.300497532,0.1971112,-0.1420037,0.9658705,-0.946284,0.2107994,0.227907,-0.2400364,-0.9629278,-0.09512025
13.320665836,0.3281504,-0.1116542,0.933215,-0.8363705,0.4130195,0.3469388,-0.4287674,-0.8985629,0.04143767
13.340832710,0.4656667,-0.07579961,0.8760831,-0.6964937,0.5707369,0.4225632,-0.5368088,-0.8111212,0.2138461
13.361000538,0.6163087,-0.09999774,0.7741188,-0.5221564,0.678207,0.5060298,-0.580183,-0.7202179,0.368028
13.381167888,0.7298373,-0.1261269,0.6631446,-0.3717012,0.7384662,0.5520679,-0.5634777,-0.6534775,0.4953516
13.401335239,0.7957004,-0.09282879,0.5883302,-0.315509,0.765635,0.5498623,-0.5051768,-0.6271183,0.5838122
13.421503067,0.8353629,-0.01947354,0.5379688,-0.3241464,0.7735328,0.5334922,-0.4297892,-0.6239437,0.6441168
13.439149380,0.8619571,0.06394365,0.4902879,-0.3531581,0.7682235,0.5226714,-0.3460497,-0.6275486,0.6892303
13.459316730,0.8856108,0.1790238,0.4134313,-0.3935694,0.7503286,0.5199077,-0.2192673,-0.6270179,0.7396193
13.479484558,0.8940162,0.3014734,0.3115649,-0.4281177,0.7257844,0.5275518,-0.06836753,-0.6088591,0.7826822
13.499651909,0.8769214,0.4263244,0.1912999,-0.4563988,0.6935459,0.547056,0.100241,-0.5708044,0.8074293
13.519819260,0.8208735,0.5550947,0.07585429,-0.4893826,0.6442888,0.5781912,0.2727429,-0.5154321,0.8048394
13.539987087,0.7153215,0.6903729,-0.01136447,-0.5385169,0.5673504,0.6144429,0.4321383,-0.4369505,0.7812266
13.560153961,0.5568672,0.821124,-0.07177807,-0.615809,0.4712863,0.6234931,0.5478832,-0.3061368,0.770817
13.580321789,0.3710292,0.9154679,-0.1225044,-0.7116224,0.3668087,0.59146,0.5887975,-0.1347213,0.7893651
13.600489139,0.1843978,0.9681706,-0.1437137,-0.8026645,0.2326851,0.541546,0.5601228,0.01371369,0.820848
13.620656490,0.006522667,0.9903821,-0.1109544,-0.8704509,0.05924649,0.4813104,0.4852659,0.09212826,0.8622453
13.640824318,-0.1700049,0.9815399,-0.04559211,-0.9054641,-0.1387991,0.3937766,0.3816203,0.1072595,0.9110266
13.660991669,-0.3534516,0.9330039,-0.0146295,-0.8970069,-0.3355574,0.2798169,0.2570777,0.1114566,0.9530546
13.681158543,-0.5300291,0.8445128,-0.05193168,-0.8376845,-0.5151928,0.1720195,0.1190947,0.1345513,0.9769222
13.701326370,-0.6673481,0.7328958,-0.1235572,-0.7431341,-0.6607869,0.09393755,-0.01242374,0.1547136,0.9810941
13.721493721,-0.7528369,0.6354551,-0.1666319,-0.6476108,-0.7604824,0.02551739,-0.1103156,0.1274669,0.9788945
13.739140510,-0.8036718,0.5703141,-0.1659195,-0.5739253,-0.8175902,-0.03042372,-0.1529615,0.07111713,0.978876
13.759308338,-0.8482924,0.5051551,-0.1555477,-0.4997044,-0.8623751,-0.07534247,-0.1722564,0.01411712,0.9781545
13.779475212,-0.8797394,0.4545936,-0.1363531,-0.4439353,-0.8898086,-0.1020727,-0.1678359,-0.02901909,0.9785928
13.799642563,-0.9035987,0.4174994,-0.09248497,-0.4050228,-0.9049885,-0.1277172,-0.1371703,-0.07777815,0.9807017
13.819810390,-0.920305,0.3894614,-0.02865165,-0.3812173,-0.9119242,-0.1499114,-0.08470185,-0.1269643,0.9814993
13.839977741,-0.9286809,0.3669673,0.04904753,-0.3697711,-0.9128108,-0.1716324,-0.01843997,-0.1775481,0.9771392
13.860145569,-0.9260874,0.3509183,0.1368206,-0.3723858,-0.9076357,-0.1921021,0.05650023,-0.2289778,0.9649474
13.880312920,-0.9115694,0.3389082,0.2314865,-0.387287,-0.8971083,-0.2109774,0.1358439,-0.2822125,0.942761
13.900479794,-0.8802782,0.3335816,0.3361935,-0.4202619,-0.877636,-0.2287131,0.2183636,-0.3430059,0.9065346
13.920647621,-0.8274481,0.3351066,0.4492989,-0.4747005,-0.8454294,-0.2426232,0.2980357,-0.4146206,0.8525079
13.940814972,-0.7420586,0.3477081,0.5715839,-0.5618111,-0.7880933,-0.2486919,0.3632868,-0.5065359,0.7742585
13.960982800,-0.6163384,0.3671446,0.6947977,-0.677083,-0.6973776,-0.2306116,0.3988704,-0.6138631,0.6728964
13.981150150,-0.4568889,0.3852143,0.799499,-0.7959501,-0.577015,-0.1751108,0.3924949,-0.7181994,0.5653124
14.001317501,-0.2798435,0.3874337,0.8756282,-0.892552,-0.4376253,-0.08967316,0.3466706,-0.8090646,0.4640666
14.021485329,-0.09366003,0.3610588,0.924527,-0.9565927,-0.2825717,0.01561794,0.2646585,-0.885974,0.3684756
14.039131641,0.0719192,0.3226113,0.9399567,-0.9798088,-0.1367777,0.1242714,0.1660462,-0.9334831,0.3037161
14.059298992,0.2571161,0.2683529,0.9237952,-0.9615332,0.04000086,0.2585306,0.02940813,-0.9588383,0.2668671
14.079466343,0.4280994,0.2053837,0.8745939,-0.8910394,0.2182859,0.3875327,-0.1146554,-0.9497106,0.2762147
14.099634171,0.5595651,0.150449,0.8085366,-0.7860441,0.383213,0.4753436,-0.2418697,-0.9061909,0.3336473
14.119801044,0.6525708,0.1039737,0.7430974,-0.6667314,0.5301632,0.5138821,-0.3441998,-0.8353413,0.4173382
14.139969349,0.7251356,0.04910333,0.6783293,-0.5370519,0.6480401,0.5296251,-0.4172733,-0.7526728,0.4992532
14.160136223,0.7872733,-0.01944682,0.6064377,-0.4011408,0.7272296,0.5464176,-0.4552262,-0.6775751,0.5684026
14.180303574,0.8416502,-0.08202317,0.5219916,-0.2726322,0.7723216,0.5632376,-0.4526308,-0.6203524,0.6318869
14.200471401,0.8881567,-0.1260619,0.4272598,-0.1646761,0.7915407,0.5781536,-0.4139135,-0.5877824,0.6868842
14.220638752,0.9252779,-0.1437362,0.331987,-0.087296,0.7951543,0.5899165,-0.3510767,-0.578759,0.7280988
14.240805626,0.9545509,-0.1255852,0.2447008,-0.04974357,0.7895756,0.601686,-0.27051,-0.5905327,0.7525129
14.260973930,0.9766384,-0.07791042,0.1636291,-0.03963266,0.7825468,0.6115768,-0.1768439,-0.6078873,0.7663453
14.281140804,0.9892808,-0.004277755,0.08881172,-0.05183443,0.7776037,0.6169732,-0.07224273,-0.6191319,0.7742669
14.301308632,0.9890037,0.08978097,0.01988335,-0.08265319,0.7730531,0.619353,0.04030411,-0.61836,0.7771868
14.321475983,0.9716904,0.2027109,-0.03777874,-0.1348945,0.761808,0.6241546,0.1559564,-0.6055359,0.7726883
14.339122772,0.9395556,0.3142514,-0.07347658,-0.1987457,0.7408367,0.6323915,0.2542694,-0.583665,0.7634054
14.359289646,0.879711,0.4527199,-0.09205602,-0.2943982,0.7011302,0.6405247,0.3560327,-0.5403581,0.7545985
14.379457474,0.7914937,0.5951253,-0.08531815,-0.4093844,0.6359783,0.6456784,0.4402928,-0.4799188,0.7510052
14.399624824,0.674363,0.7286385,-0.0550099,-0.5323606,0.5403847,0.6435728,0.5005322,-0.4082642,0.7556093
14.419792175,0.5196879,0.848295,-0.008303791,-0.6582325,0.4086101,0.6247126,0.5351666,-0.3223841,0.7731135
14.439960003,0.315967,0.9435835,0.03062132,-0.7717883,0.2389339,0.5821475,0.5437191,-0.2102452,0.8049786
14.460127354,0.06607354,0.9932536,0.04346754,-0.8493205,0.03324581,0.5201716,0.5168139,-0.07328933,0.8456243
14.480295181,-0.2026954,0.9763084,0.01890221,-0.870761,-0.1898115,0.4475275,0.4419397,0.072989,0.8869224
14.500462055,-0.4460192,0.8925769,-0.02522039,-0.8319373,-0.4053924,0.3735319,0.324361,0.1869548,0.9202626
14.520629406,-0.6280159,0.7744994,-0.05689835,-0.7508603,-0.5870608,0.2979646,0.1982311,0.2296187,0.9459666
14.540797233,-0.7536376,0.6522165,-0.07058486,-0.6493506,-0.7264363,0.2208817,0.09334016,0.21227,0.9659026
14.560964584,-0.8378772,0.5395003,-0.07620823,-0.5444832,-0.8239514,0.1531487,0.02015693,0.1698703,0.9784642
14.581131935,-0.8955758,0.4382972,-0.07165922,-0.4434034,-0.8915806,0.08801221,-0.02515763,0.110672,0.9867712
14.601299763,-0.9351882,0.3467236,-0.06905575,-0.3495573,-0.9360755,0.03378144,-0.052874,0.05580522,0.9902854
14.621466637,-0.9582669,0.2774037,-0.06700963,-0.2780993,-0.9604128,0.00102821,-0.06406173,0.01968354,0.9909995
14.639113426,-0.9701499,0.2361691,-0.05321588,-0.2351365,-0.9715435,-0.02494345,-0.05760722,-0.01164103,0.9915209
14.659280777,-0.9797921,0.1982737,-0.02363677,-0.1967327,-0.9788145,-0.05545847,-0.03416749,-0.04966812,0.9914304
14.679448605,-0.9863641,0.1640089,0.009744999,-0.1642624,-0.9831878,-0.07903291,-0.003425348,-0.07955772,0.9900692
14.699615478,-0.9896068,0.1371305,0.04246713,-0.1406225,-0.9855103,-0.09432373,0.02887129,-0.09933213,0.9878724
14.719783306,-0.9908438,0.1144469,0.07119521,-0.1213818,-0.9873241,-0.1018439,0.05859453,-0.1095793,0.9854784
14.739950657,-0.990319,0.09085434,0.1046346,-0.1022862,-0.9887007,-0.1092343,0.09349029,-0.1189121,0.9817093
14.760118008,-0.9865939,0.06716832,0.1484267,-0.08582323,-0.9886969,-0.1226239,0.138479,-0.133756,0.9744824
14.780285835,-0.9775457,0.04243901,0.2060383,-0.07398927,-0.986262,-0.1473781,0.1969224,-0.1593538,0.9605234
14.800453186,-0.9611749,0.01735935,0.2749175,-0.06736276,-0.9825807,-0.1728584,0.2671015,-0.1847063,0.9388624
14.820620060,-0.93655,-0.006099125,0.3498698,-0.0678458,-0.9777855,-0.1979458,0.3432827,-0.2091612,0.9085898
14.840787888,-0.9015224,-0.0284716,0.4310249,-0.07925884,-0.9700873,-0.2290128,0.4246306,-0.240662,0.8655561
14.860955238,-0.8530341,-0.05110076,0.518392,-0.107654,-0.9565546,-0.2704088,0.5096589,-0.2865292,0.8037303
14.881123066,-0.7884504,-0.07637515,0.6091682,-0.1546751,-0.9357538,-0.316239,0.5941336,-0.3436543,0.7192432
14.901290417,-0.713088,-0.1017386,0.6922568,-0.2147242,-0.9101599,-0.3534069,0.6659307,-0.4008144,0.6204467
14.921457767,-0.6318805,-0.1195773,0.7641632,-0.2892276,-0.8802503,-0.3750987,0.7173503,-0.4583153,0.5149153
14.939104080,-0.5602254,-0.127182,0.8167043,-0.3678149,-0.8471239,-0.3821809,0.7401982,-0.5149512,0.4211251
14.959271908,-0.478927,-0.1275207,0.8665175,-0.4719998,-0.7966394,-0.3757795,0.7377875,-0.5896885,0.3147521
14.979439259,-0.4005384,-0.1203182,0.9061176,-0.5839282,-0.7300646,-0.3524384,0.7032449,-0.6713483,0.2157262
