Time (s),Gyroscope X (deg/s),Gyroscope Y (deg/s),Gyroscope Z (deg/s),Accelerometer X (g),Accelerometer Y (g),Accelerometer Z (g),Magnetometer X (uT),Magnetometer Y (uT),Magnetometer Z (uT),Barometer (hPa)
0.000000000,-0.1241825,-0.06496385,-0.07266529,-0.01661182,-0.02795224,0.9594096,9.847301,-0.1462641,10.93867,1029.479
0.020168304,-0.0005793124,-0.004865611,-0.1947015,-0.03583146,-0.02126833,0.9845914,9.847301,-0.1462641,10.93867,1029.479
0.040335178,-0.0007716343,0.05523261,-0.01148806,-0.01658459,-0.03094613,0.9670661,9.847301,-0.1462641,10.93867,1029.479
0.060503006,-0.06229914,-0.124919,0.1715335,-0.02499038,-0.02583174,0.9748731,9.448261,-0.173835,12.27657,1029.479
0.080670834,-0.1241177,0.05533223,-0.1337256,-0.02793723,-0.02492879,0.9763317,9.448261,-0.173835,12.27657,1029.479
0.100838184,-0.06219937,0.05538193,0.04946884,-0.01815283,-0.02412496,0.9628652,10.60579,-0.141197,11.4013,1029.479
0.121006012,-0.0005331263,0.2355954,-0.01164017,-0.03776556,-0.02330714,0.9903328,10.60579,-0.141197,11.4013,1029.479
0.141173363,0.061327,-0.004755747,0.1102055,-0.01222154,-0.02889086,0.9642273,10.60579,-0.141197,11.4013,1029.479
0.161341190,-0.247346,-0.06477334,-0.1339147,-0.03191797,-0.02166701,0.9831463,10.25878,-0.884294,10.48806,1029.479
0.178987980,0.06146447,-0.06461222,-0.2560115,-0.03585801,-0.01929986,0.9822209,10.25878,-0.884294,10.48806,1029.477
0.199155808,-0.1856407,-0.06456317,-0.01188911,-0.01370851,-0.02591459,0.9556011,10.24125,-0.5158007,10.94111,1029.477
0.219322681,0.1848737,-0.06453305,-0.01185926,-0.0304496,-0.02007977,0.973051,10.24125,-0.5158007,10.94111,1029.477
0.239490509,-0.1856582,-0.004379272,-0.07298665,-0.02061075,-0.02526373,0.9748976,10.62332,-0.5096905,10.94825,1029.477
0.259657860,-0.06238533,-0.004255071,-0.01174191,-0.02364789,-0.01694871,0.9644516,10.62332,-0.5096905,10.94825,1029.477
0.279825687,-0.0005829334,-0.004244376,-0.01180833,-0.02987726,-0.02698698,0.9840028,10.62332,-0.5096905,10.94825,1029.477
0.299993515,0.1227873,0.05575809,0.1712907,-0.01479335,-0.0206394,0.9610194,10.24125,-0.5158007,10.94111,1029.477
0.320160866,-0.06226427,-0.06451638,-0.07290623,-0.03392445,-0.01983185,0.9904182,10.24125,-0.5158007,10.94111,1029.477
0.340328693,0.1846298,0.05568569,-0.1337846,-0.01617115,-0.02552735,0.9609105,10.21184,0.2283394,11.39886,1029.477
0.360496044,-0.06231943,-0.06455088,-0.01163236,-0.02558685,-0.01951719,0.9745244,10.21184,0.2283394,11.39886,1029.476
0.380663872,30.87083,-38.57964,132.8357,-0.01672737,-0.3075001,1.291189,10.21184,0.2283394,11.39886,1029.476
0.400831699,-35.93464,-100.228,107.0839,0.01732413,0.2013394,1.145867,9.859178,-0.5219109,10.93397,1029.472
0.420999050,60.07507,20.72531,35.93092,0.240501,-0.6068204,0.4323421,9.859178,-0.5219109,10.93397,1029.472
0.441166878,-19.2024,13.33473,-0.5609182,-0.004901169,-0.002570435,0.9720513,10.6352,-0.8853374,10.94354,1029.472
0.461334705,-13.76905,29.85839,8.775621,-0.009154476,-0.03864953,0.9731947,10.6352,-0.8853374,10.94354,1029.472
0.478980541,7.902589,41.69535,-16.61,0.06955447,-0.09806778,0.9345017,10.6352,-0.8853374,10.94354,1029.472
0.499148369,-2.470162,11.47206,-26.31268,-0.1662683,0.07193201,1.001184,11.0348,-1.24772,10.49763,1029.472
0.519316196,-4.32244,-0.9056734,-26.00756,0.0263629,-0.05514339,0.9381971,11.0348,-1.24772,10.49763,1029.472
0.539483547,-2.037965,0.1758759,-3.490029,0.06795041,-0.01287921,0.9720351,9.500857,-1.279315,10.91741,1029.472
0.559651375,0.3082533,-0.004382316,-1.720358,-0.01976873,-0.0446487,0.9696582,9.500857,-1.279315,10.91741,1029.472
0.579818725,-18.52323,9.729562,-1.781381,-0.01437243,0.02171251,1.055062,11.02349,-1.262028,11.39432,1029.472
0.599986553,6.852966,4.862589,-26.43473,0.008571291,-0.03368777,1.045251,11.02349,-1.262028,11.39432,1029.472
0.620153427,-4.692895,6.544999,-22.95641,0.01093455,-0.07130852,0.9696547,11.02349,-1.262028,11.39432,1029.472
0.640321731,1.110907,4.562159,-11.36201,0.02851914,-0.1904223,0.9989945,10.27066,-1.259941,10.48335,1029.472
0.660489559,-1.111826,1.978458,-16.61,0.02540845,0.06800642,1.022872,10.27066,-1.259941,10.48335,1029.472
0.680656433,-14.44822,-6.734023,-15.8167,0.03181135,0.02115064,0.9543272,9.87671,-0.8904043,10.48092,1029.473
0.700824261,-14.81868,-0.3648987,-11.30099,-0.1468047,0.05011716,0.9819515,9.87671,-0.8904043,10.48092,1029.473
0.720991611,-5.680777,7.085774,-25.27529,-0.1234062,-0.101806,0.8986521,9.87671,-0.8904043,10.48092,1029.473
0.741159439,-15.55959,-4.570924,2.734331,-0.274969,0.05513284,0.9213799,9.476541,-0.1380672,10.03484,1029.473
0.761327267,-11.97852,12.133,-30.27918,-0.1650506,0.09890435,0.9322802,9.476541,-0.1380672,10.03484,1029.473
0.778974056,1.296134,10.27034,-25.33631,-0.09627555,-0.05159453,0.9861827,9.476541,-0.1380672,10.03484,1029.473
0.799141407,24.26437,25.83263,-18.13558,-0.09088702,0.06809194,1.088655,9.476541,-0.1380672,10.03484,1029.473
0.819309235,64.52053,60.32203,-43.27711,-0.3367308,0.2386127,1.084387,9.476541,-0.1380672,10.03484,1029.473
0.839476109,91.74901,40.49363,-60.24154,-0.2404362,0.1190869,1.058929,7.906402,1.347233,9.576759,1029.473
0.859643936,100.8252,-30.28776,-43.46018,-0.1878579,0.115187,1.109661,7.906402,1.347233,9.576759,1029.473
0.879812241,145.1563,-99.1464,-51.63728,-0.2074302,0.110528,1.003828,5.834242,5.163353,7.79433,1029.473
0.899979115,208.0103,-153.1638,-50.41682,-0.1280909,0.1541764,0.9697623,5.834242,5.163353,7.79433,1029.473
0.920146942,242.7096,-182.9064,-19.05093,-0.0794672,0.30447,0.9615456,3.509013,8.210556,2.857342,1029.473
0.940314293,260.8619,-207.9623,12.92519,0.004000559,0.4540958,0.8906814,3.509013,8.210556,2.857342,1029.473
0.960482121,300.0685,-221.9023,38.98207,0.1077161,0.5566808,0.8444391,3.509013,8.210556,2.857342,1029.473
0.980649948,356.4394,-217.8765,57.59413,0.1801718,0.6421028,0.7538284,0.481813,10.60795,-5.305014,1029.473
1.000817299,374.53,-195.5845,57.04492,0.2155036,0.7147908,0.7487332,0.481813,10.60795,-5.305014,1029.473
1.020985127,332.9155,-145.7131,40.3856,0.2515106,0.58596,0.7142199,-3.300783,10.67459,-13.44781,1029.473
1.041152477,266.9744,-89.47255,46.1828,0.3526321,0.6059504,0.5576234,-3.300783,10.67459,-13.44781,1029.473
1.061320305,218.2595,-64.95743,53.99377,0.3927898,0.6863166,0.3770593,-3.300783,10.67459,-13.44781,1029.473
1.078966618,199.7368,-59.48959,57.7772,0.4642162,0.7494928,0.2719741,-9.999992,5.334922,-19.47268,1029.473
1.099134445,184.2394,-46.33074,60.4012,0.4366346,0.8081478,0.1906404,-9.999992,5.334922,-19.47268,1029.472
1.119301796,132.993,-28.48518,75.71799,0.5574732,0.900452,0.1833119,-16.71504,-0.8061171,-22.36856,1029.472
1.139469624,77.85693,-2.347739,121.3023,0.6530608,0.8294824,0.1154655,-16.71504,-0.8061171,-22.36856,1029.468
1.159636974,59.70461,29.79831,150.1662,0.5399311,0.7806541,0.06922146,-16.71504,-0.8061171,-22.36856,1029.468
1.179804802,18.58405,40.67389,137.7785,0.5616151,0.6894522,0.03837118,-21.55423,-6.569572,-23.43065,1029.468
1.199972153,-61.18735,47.40353,140.7076,0.6297436,0.7257084,0.04175434,-21.55423,-6.569572,-23.43065,1029.468
1.220139980,-150.8993,36.58804,165.361,0.7040622,0.7359934,-0.06976654,-24.56053,-9.665794,-24.87243,1029.468
1.240307808,-163.5565,26.49358,181.8372,0.6340808,0.6492371,-0.1331102,-24.56053,-9.665794,-24.87243,1029.468
1.260475159,-103.8515,44.57948,167.2527,0.6036243,0.6376971,-0.1546758,-26.46693,-8.51933,-28.03243,1029.468
1.280642986,-37.4782,96.19341,154.3158,0.5931605,0.5490376,-0.06202988,-26.46693,-8.51933,-28.03243,1029.468
1.300809860,0.7404513,170.7602,155.4142,0.6691031,0.4705173,0.1024942,-26.46693,-8.51933,-28.03243,1029.466
1.320978165,33.52576,226.3398,179.8845,0.6923499,0.3960685,0.1014434,-27.0065,-2.799515,-29.76157,1029.466
1.341145992,83.66073,253.7992,179.6404,0.4454393,0.38464,0.1989424,-27.0065,-2.799515,-29.76157,1029.466
1.361312866,77.36299,292.3745,175.2467,0.3039097,0.2035241,0.2950244,-25.49545,0.002904177,-35.07941,1029.466
1.378959656,40.87312,317.6707,176.5282,0.2973037,0.05014371,0.4475749,-25.49545,0.002904177,-35.07941,1029.466
1.399127483,1.172649,335.9969,180.0676,0.3227133,-0.006703763,0.5873296,-25.49545,0.002904177,-35.07941,1029.466
1.419294834,24.8818,310.7608,168.2291,0.3358083,0.01690804,0.6337156,-17.31016,-0.5250378,-40.8302,1029.464
1.439462662,74.02889,259.3271,153.5225,0.2859595,0.0335383,0.7256163,-17.31016,-0.5250378,-40.8302,1029.464
1.459630489,57.42013,221.2325,113.7964,0.153621,0.1001431,0.869508,-4.873062,-1.849747,-43.30898,1029.462
1.479797840,21.85641,219.7304,59.30278,0.0239007,0.02788312,0.8009995,-4.873062,-1.849747,-43.30898,1029.462
1.499965668,19.8189,231.2068,54.11581,-0.1617047,0.04642601,0.9340581,4.912993,-5.075776,-43.17042,1029.461
1.520132542,-0.4326576,207.8934,89.57025,-0.03135965,0.1267648,1.217476,4.912993,-5.075776,-43.17042,1029.461
1.540300369,2.160531,128.039,95.55051,0.04690963,0.0936127,1.323627,4.912993,-5.075776,-43.17042,1029.461
1.560467720,12.28631,71.37787,49.96624,-0.04464467,0.04143159,1.410072,13.49226,-9.16367,-41.27129,1029.461
1.580635548,-31.92137,71.37787,4.870141,-0.08603807,0.1459808,1.43102,13.49226,-9.16367,-41.27129,1029.462
1.600803375,-79.8336,77.38647,18.60035,0.05686349,0.3093577,1.458093,17.46036,-12.12103,-40.33965,1029.462
1.620970726,-63.22486,17.18023,82.12543,0.3097475,0.2642634,1.626246,17.46036,-12.12103,-40.33965,1029.462
1.641138554,17.96663,-48.91444,100.6765,0.231126,0.2409015,1.480759,17.46036,-12.12103,-40.33965,1029.462
1.661305904,91.19332,-144.3912,45.57257,0.1228677,0.1942054,1.424923,19.34753,-11.72914,-39.40255,1029.464
1.678952217,142.0692,-177.018,-4.283329,0.1693043,0.1959683,1.384076,19.34753,-11.72914,-39.40255,1029.464
1.699120045,170.903,-175.3355,4.381956,0.2465828,0.2838777,1.296909,17.08451,-12.50994,-39.90315,1029.464
1.719288349,206.0963,-179.5416,35.74785,0.2949163,0.3563229,1.194371,17.08451,-12.50994,-39.90315,1029.464
1.739455223,237.5232,-213.1898,55.33627,0.3583879,0.371152,1.094498,17.08451,-12.50994,-39.90315,1029.464
1.759623051,293.0916,-242.9925,43.31472,0.2508493,0.4339803,0.981181,11.07002,-18.32852,-38.68089,1029.464
1.779790401,329.2727,-263.8423,6.944928,0.202633,0.5209849,0.9443097,11.07002,-18.32852,-38.68089,1029.464
1.799958229,313.8988,-244.1942,-33.51341,0.1031452,0.4785448,0.8683233,3.145119,-26.19615,-32.65092,1029.464
1.820126057,287.8434,-211.3872,-51.45421,0.232385,0.4072514,0.6524227,3.145119,-26.19615,-32.65092,1029.464
1.840293407,266.9127,-223.3443,-43.46018,0.252409,0.4472552,0.5799909,-4.425483,-36.68285,-23.06038,1029.464
1.860461235,215.1724,-218.237,-32.59806,0.1351935,0.4916474,0.5415277,-4.425483,-36.68285,-23.06038,1029.464
1.880628586,187.8822,-209.7048,-36.07638,0.05801084,0.4774835,0.3542603,-4.425483,-36.68285,-23.06038,1029.458
1.900796413,169.7916,-197.3871,-64.75726,-0.008677685,0.4211845,0.3152249,-7.790348,-43.35098,-12.89352,1029.458
1.920963287,130.3999,-171.4299,-92.58381,0.04476332,0.3092496,0.2285258,-7.790348,-43.35098,-12.89352,1029.458
1.941131592,51.06065,-124.6229,-110.6467,-0.01540089,0.4096608,0.0442493,-8.571752,-45.79414,-5.763313,1029.458
1.961299419,-2.65539,-112.4254,-115.5285,0.000140464,0.4446067,0.1777441,-8.571752,-45.79414,-5.763313,1029.46
1.978945732,-86.44006,-94.09917,-80.74532,0.07137316,0.607685,0.1978533,-8.571752,-45.79414,-5.763313,1029.46
1.999113083,-146.4538,-99.68718,-61.52303,0.1052078,0.9614158,0.04919924,-5.848855,-48.42484,-2.992153,1029.46
2.019280910,-113.0511,-112.7259,-88.12912,0.2013126,1.003463,-0.1826977,-5.848855,-48.42484,-2.992153,1029.46
2.039448261,-36.24335,-146.7346,-128.4044,0.1784087,1.020971,0.01787104,-3.441593,-47.9318,-7.939245,1029.46
2.059616089,7.902589,-161.0951,-152.8747,0.1734385,1.061119,-0.01843696,-3.441593,-47.9318,-7.939245,1029.46
2.079783916,12.16283,-161.0951,-142.0736,0.09740133,1.111585,-0.003573488,-3.441593,-47.9318,-7.939245,1029.462
2.099951267,0.925679,-158.5715,-139.2055,-0.01443649,1.132532,-0.07051271,-1.520483,-47.49699,-9.692211,1029.462
2.120119095,-24.26529,-181.4643,-131.6996,0.02592649,1.232495,-0.1189199,-1.520483,-47.49699,-9.692211,1029.462
2.140285969,-34.88501,-189.636,-126.0245,0.03131073,1.265504,-0.1514917,1.577946,-48.95785,-9.205561,1029.462
2.160453796,-35.93464,-173.8935,-117.2372,-0.0537166,1.212046,-0.2657952,1.577946,-48.95785,-9.205561,1029.461
2.180621147,-56.06272,-142.3483,-80.56225,-0.1163851,1.188494,-0.2162925,3.97478,-49.65001,-10.51597,1029.461
2.200788975,-99.8382,-119.9963,-26.06859,-0.1049013,1.18753,-0.2930059,3.97478,-49.65001,-10.51597,1029.461
2.220956802,-205.6032,-101.5498,33.73409,-0.1625367,1.239515,-0.3957996,3.97478,-49.65001,-10.51597,1029.461
2.241124153,-236.2275,-159.8333,47.40327,-0.1373649,1.236782,-0.1723679,5.956686,-50.76608,-13.18523,1029.463
2.261291981,-316.6164,-147.8762,63.87951,-0.03422077,1.198942,0.1089177,5.956686,-50.76608,-13.18523,1029.463
2.278938770,-381.2609,-136.5199,77.73176,-0.01915615,1.293945,0.2176432,4.133148,-49.4497,-23.06961,1029.465
2.299105644,-406.0814,-136.0993,46.48792,0.01790395,1.272559,0.3345474,4.133148,-49.4497,-23.06961,1029.465
2.319273472,-457.3277,-100.6486,22.44481,0.09991453,1.111706,0.573563,4.133148,-49.4497,-23.06961,1029.467
2.339441776,-491.7183,-64.41666,17.37988,0.1774441,0.9869472,0.6473448,-2.048478,-43.62941,-37.01236,1029.467
2.359608650,-516.1066,-33.83284,20.00388,0.2089286,0.9298709,0.8701098,-2.048478,-43.62941,-37.01236,1029.468
2.379776478,-540.001,-2.107395,38.55491,0.2138981,0.9081748,0.9579641,-6.593502,-29.46502,-49.98245,1029.468
2.399943828,-542.409,2.038544,66.13737,0.3168346,0.884086,1.079339,-6.593502,-29.46502,-49.98245,1029.47
2.420111656,-497.1517,-5.472215,86.39705,0.3664168,0.8363127,1.086173,-9.613778,-5.549731,-51.96741,1029.47
2.440279484,-403.5499,-9.67824,86.33602,0.4167005,0.7245929,1.069439,-9.613778,-5.549731,-51.96741,1029.472
2.460446834,-309.0838,-12.62246,88.53285,0.4710558,0.4472876,0.9864298,-9.613778,-5.549731,-51.96741,1029.472
2.480614662,-233.8813,-16.94865,100.9816,0.3352018,0.22987,0.8810084,-10.90129,19.73417,-43.58592,1029.472
2.500782013,-172.6944,-13.64392,98.90679,0.3085857,0.05558496,0.8492031,-10.90129,19.73417,-43.58592,1029.472
2.520949840,-166.6437,-9.197551,107.328,0.3207091,-0.05470061,0.8608628,-9.944159,34.07692,-34.34525,1029.474
2.541117191,-157.6292,0.7767366,121.4854,0.2831883,-0.128676,0.7959548,-9.944159,34.07692,-34.34525,1029.474
2.561285019,-158.8641,5.042848,147.7863,0.2713913,-0.1605058,0.844458,-9.944159,34.07692,-34.34525,1029.474
2.578931332,-180.721,4.441987,166.8255,0.3348257,-0.2704828,0.8239381,-8.334388,40.82442,-27.49888,1029.474
2.599099159,-176.8929,13.21455,192.0891,0.165417,-0.2266274,0.7901419,-8.334388,40.82442,-27.49888,1029.474
2.619266510,-189.6736,22.64807,177.3215,0.03910925,-0.1284968,0.710343,-3.930162,45.27775,-19.28533,1029.471
2.639434338,-178.313,7.806807,149.0068,0.04881748,-0.2843971,0.6587678,-3.930162,45.27775,-19.28533,1029.471
2.659601688,-136.4515,-14.48513,136.6191,0.08532705,-0.4362488,0.5928785,-3.930162,45.27775,-19.28533,1029.473
2.679769516,-95.51622,-23.43795,141.623,0.2426091,-0.5816907,0.5496641,3.176,49.09233,-11.47877,1029.473
2.699937344,-54.45741,-44.70842,152.7902,-0.006610357,-0.6004509,0.6465166,3.176,49.09233,-11.47877,1029.473
2.720104694,-51.2468,-58.40804,122.4007,-0.1090314,-0.4916544,0.6635236,10.04855,49.50745,-6.860888,1029.473
2.740272522,-49.9502,-69.88448,110.8673,-0.03912128,-0.6036333,0.6120958,10.04855,49.50745,-6.860888,1029.473
2.760439396,-21.42513,-71.14629,133.0798,-0.01270333,-0.6156953,0.6519627,16.61933,49.23669,-6.743004,1029.473
2.780607700,-0.1856873,-82.02187,151.4477,-0.07803264,-0.6025555,0.7234779,16.61933,49.23669,-6.743004,1029.473
2.800774574,26.17839,-107.7988,147.8474,-0.119491,-0.5941297,0.6786652,16.61933,49.23669,-6.743004,1029.473
2.820942402,47.29435,-120.2967,132.4085,-0.1912836,-0.1194296,1.318864,20.59196,47.06639,-8.043673,1029.473
2.841110229,19.38671,-132.6744,144.8572,-0.2433414,-0.6564984,0.7020696,20.59196,47.06639,-8.043673,1029.473
2.861277580,1.41962,-131.4126,140.2195,-0.2447131,-0.6823899,0.6624234,26.16443,43.77391,-12.02074,1029.475
2.878924370,-13.70731,-137.3011,140.1584,-0.225112,-0.6617084,0.6735387,26.16443,43.77391,-12.02074,1029.475
2.899092197,-0.0004596114,-144.9921,145.4675,-0.2812961,-0.5913222,0.7762269,26.16443,43.77391,-12.02074,1029.475
2.919259071,11.9776,-162.417,143.1486,-0.2258499,-0.6009641,0.7255086,28.66414,38.92894,-16.07496,1029.475
2.939427376,47.85003,-174.8549,151.8749,-0.3359364,-0.5903929,0.7756105,28.66414,38.92894,-16.07496,1029.477
2.959595203,98.10849,-173.9536,145.5285,-0.3630016,-0.5208873,0.7775094,30.84291,34.53143,-21.02632,1029.477
2.979762077,100.9487,-172.3913,137.2293,-0.3814161,-0.5829919,0.9233009,30.84291,34.53143,-21.02632,1029.477
2.999929905,79.89443,-175.5759,125.0857,-0.3217782,-0.7286255,0.911173,30.84291,34.53143,-21.02632,1029.477
3.020097256,88.90885,-180.9236,103.0564,-0.2453944,-0.8046768,0.9266443,30.75153,28.12141,-27.84019,1029.477
3.040265083,96.8119,-256.1513,46.12178,-0.2487397,-0.8380024,1.384339,30.75153,28.12141,-27.84019,1029.477
3.060432434,105.3324,-113.6872,110.2571,-0.1029913,-0.7348151,1.307828,27.94431,20.58896,-33.82189,1029.477
3.080600262,123.8551,-97.04339,124.9026,-0.2977707,-0.5277975,1.153449,27.94431,20.58896,-33.82189,1029.477
3.100768089,161.1477,-122.2795,71.93456,-0.286037,-0.4243696,1.191412,22.417,13.73744,-38.11483,1029.474
3.120935440,190.2284,-134.477,18.84444,-0.1756717,-0.5541326,1.243464,22.417,13.73744,-38.11483,1029.474
3.141103268,202.33,-119.2752,23.36015,-0.2309538,-0.5444682,1.243516,22.417,13.73744,-38.11483,1029.474
3.161270618,195.353,-167.5244,-5.564815,-0.2577194,-0.3533661,0.9522251,18.77097,6.879687,-40.0663,1029.474
3.178916931,179.6087,-257.4131,-45.22985,-0.1035077,-0.2408471,1.223372,18.77097,6.879687,-40.0663,1029.476
3.199084759,209.1216,-272.014,-64.81828,0.03854224,-0.1514587,1.158135,14.8566,-1.938312,-41.15134,1029.476
3.219252110,244.6854,-295.3274,-84.83387,0.04835258,0.001817456,1.070735,14.8566,-1.938312,-41.15134,1029.476
3.239419937,277.2854,-307.9455,-105.0936,0.1399563,0.02594314,0.9692111,14.8566,-1.938312,-41.15134,1029.476
3.259587765,282.0396,-293.645,-111.562,0.116071,0.07274302,0.864471,5.416937,-9.66865,-41.42715,1029.476
3.279755116,263.3316,-268.8896,-120.0442,0.1603051,0.1285802,0.7615643,5.416937,-9.66865,-41.42715,1029.476
3.299922943,224.4955,-239.5676,-132.9811,0.2396438,-0.05504886,0.7438506,-4.808049,-19.00066,-36.29189,1029.474
3.320090294,182.4489,-214.4516,-164.286,0.1509688,0.2636876,0.5096543,-4.808049,-19.00066,-36.29189,1029.474
3.340258121,188.1909,-183.7476,-188.9393,0.160137,0.227667,0.4326641,-4.808049,-19.00066,-36.29189,1029.477
3.360425949,125.2135,-139.7045,-205.2325,0.0833401,0.2449501,0.4086916,-10.76264,-29.10593,-29.35775,1029.477
3.380593300,84.71036,-113.0263,-214.325,0.09146799,0.3621135,0.2819077,-10.76264,-29.10593,-29.35775,1029.473
3.400761127,78.22739,-102.6915,-218.3525,0.06653101,0.5055838,0.2834707,-11.39644,-35.65976,-23.62434,1029.473
3.420928001,72.54707,-90.07341,-225.065,0.1260795,0.5566612,0.2963164,-11.39644,-35.65976,-23.62434,1029.475
3.441095829,25.314,-77.21499,-207.8565,0.1015494,0.6434435,0.3260987,-7.030717,-40.21912,-20.0151,1029.475
3.461263180,-14.20125,-72.28793,-196.079,0.06723368,0.7566072,0.3742741,-7.030717,-40.21912,-20.0151,1029.477
3.478909969,-36.79903,-74.39095,-201.8152,0.05128327,0.8224014,0.4277572,-7.030717,-40.21912,-20.0151,1029.477
3.499077797,-74.33852,-93.43822,-217.6202,0.02398384,0.8767124,0.7333341,-1.177134,-41.61473,-20.82231,1029.477
3.519245624,-187.5126,-110.022,-227.9331,0.006656426,0.9725604,0.5992652,-1.177134,-41.61473,-20.82231,1029.476
3.539412975,-151.6402,-135.0779,-260.0923,0.061152,1.109716,0.5053719,3.869328,-40.73291,-23.85728,1029.476
3.559580803,-102.4314,-135.0779,-239.8326,0.04728878,1.084664,0.5530497,3.869328,-40.73291,-23.85728,1029.476
3.579747677,-80.01883,-135.7989,-229.0926,-0.01988595,1.103249,0.5629106,3.869328,-40.73291,-23.85728,1029.476
3.599915504,-51.06157,-154.3655,-223.5394,-0.08573085,1.123995,0.602257,8.476883,-37.1293,-29.10739,1029.477
3.620082855,-51.86422,-172.2711,-206.8801,-0.1578094,1.1537,0.5607103,8.476883,-37.1293,-29.10739,1029.477
3.640250683,-35.99638,-186.5116,-180.03,-0.185311,1.049953,0.5738465,10.74331,-34.78152,-32.62306,1029.477
3.660418510,-44.51686,-199.4901,-160.6246,-0.2174531,0.9504376,0.6415883,10.74331,-34.78152,-32.62306,1029.477
3.680585861,-69.89305,-227.5503,-133.4083,-0.2297424,0.9545069,0.6493618,9.935621,-32.11414,-35.74281,1029.48
3.700753689,-93.97266,-256.7522,-124.682,-0.2432403,0.9413964,0.6707569,9.935621,-32.11414,-35.74281,1029.48
3.720921040,-97.55373,-268.2887,-126.3906,-0.3130532,0.9146644,0.6844627,9.935621,-32.11414,-35.74281,1029.478
3.741088867,-94.09614,-267.1471,-122.8513,-0.3387087,0.8983469,0.7120278,7.229071,-31.27147,-40.33128,1029.478
3.761256218,-115.0886,-253.3273,-109.4262,-0.3233527,0.8726999,0.7766642,7.229071,-31.27147,-40.33128,1029.482
3.778903484,-140.4031,-242.7521,-95.81803,-0.3018205,0.8415458,0.7712303,1.037534,-29.04484,-44.90194,1029.482
3.799070358,-181.0914,-233.9195,-78.79258,-0.2683499,0.786207,0.8236991,1.037534,-29.04484,-44.90194,1029.485
3.819238186,-250.6136,-234.0396,-39.92084,-0.2105581,0.7839736,0.9121201,1.037534,-29.04484,-44.90194,1029.485
3.839405537,-329.1501,-253.0268,-6.114023,-0.1481059,0.8032214,0.9522781,-7.130816,-25.30502,-48.14367,1029.486
3.859573364,-365.7635,-255.6105,22.20071,-0.09596423,0.8559126,0.9844396,-7.130816,-25.30502,-48.14367,1029.486
3.879740715,-394.9059,-242.9324,66.32043,-0.0007476083,0.8678675,1.03708,-17.8849,-15.64261,-48.21572,1029.486
3.899908543,-404.1056,-238.9667,107.6941,0.06703298,0.8686471,1.037287,-17.8849,-15.64261,-48.21572,1029.486
3.920076370,-392.6215,-245.6963,107.6941,0.1346967,0.8192907,1.041726,-17.8849,-15.64261,-48.21572,1029.487
3.940243721,-337.2384,-241.7907,107.5721,0.3525949,0.6647028,1.005241,-30.09907,0.7667212,-40.60107,1029.487
3.960411549,-311.5535,-245.3959,124.1093,0.5113508,0.5085778,0.8657749,-30.09907,0.7667212,-40.60107,1029.486
3.980578423,-281.3614,-248.5805,171.0361,0.5142894,0.4814862,0.8569981,-38.909,17.88934,-27.01902,1029.486
4.000746727,-262.0359,-250.9238,218.146,0.6201781,0.2995858,0.7646014,-38.909,17.88934,-27.01902,1029.488
4.020913601,-218.3839,-234.1598,273.1278,0.6379286,0.1651286,0.6749054,-41.37079,28.23028,-9.88431,1029.488
4.041081429,-183.1289,-209.5846,303.2122,0.5452118,0.03233396,0.650078,-41.37079,28.23028,-9.88431,1029.483
4.061249256,-164.4827,-207.5417,316.5153,0.5289977,-0.07811417,0.5275062,-41.37079,28.23028,-9.88431,1029.483
4.078896046,-136.6368,-197.4472,328.4758,0.501386,-0.1657788,0.4883898,-38.39473,36.75067,5.148391,1029.484
4.099063396,-93.35523,-195.2841,327.0112,0.4376617,-0.2234378,0.4449905,-38.39473,36.75067,5.148391,1029.484
4.119231224,-32.29183,-201.2326,309.0094,0.3747436,-0.3277878,0.4034862,-27.17479,44.34702,15.77183,1029.486
4.139398098,23.95566,-200.8721,271.8463,0.3163318,-0.5086558,0.4356287,-27.17479,44.34702,15.77183,1029.486
4.159566402,61.12469,-197.6876,257.3228,0.3291669,-0.6423488,0.5037284,-27.17479,44.34702,15.77183,1029.483
4.179733276,60.19855,-204.8979,250.5493,0.3845769,-0.7424538,0.6484292,-13.06056,49.8406,19.69304,1029.483
4.199901104,90.1437,-199.5502,199.0458,0.2756984,-0.7654862,0.6567964,-13.06056,49.8406,19.69304,1029.484
4.220068932,106.1968,-215.1125,156.9398,0.2470807,-0.7860466,0.5679681,0.7809749,53.20192,15.50749,1029.484
4.240236282,125.337,-246.3573,159.0756,0.1363038,-0.7550813,0.5712164,0.7809749,53.20192,15.50749,1029.483
4.260404110,141.8222,-279.7651,187.6344,0.01193194,-0.7729541,0.6669918,0.7809749,53.20192,15.50749,1029.483
4.280571461,145.465,-315.3361,225.4688,-0.14902,-0.9115676,0.6587365,11.73701,53.14962,6.289884,1029.483
4.300739288,158.4927,-316.3575,217.1696,-0.3062665,-0.9137729,0.731111,11.73701,53.14962,6.289884,1029.484
4.320906639,164.4818,-286.0141,204.1107,-0.5088842,-0.9369097,0.7691299,20.4387,51.1699,-6.19853,1029.484
4.341074467,162.9382,-263.1814,197.2761,-0.5044838,-1.049655,0.769134,20.4387,51.1699,-6.19853,1029.481
4.361241817,112.6797,-197.6876,131.8593,-0.5800509,-1.158261,0.7405313,24.35022,43.86497,-19.6783,1029.481
4.378888607,65.13796,-165.6617,90.72969,-0.3960622,-1.172753,0.7832025,24.35022,43.86497,-19.6783,1029.482
4.399055958,23.46172,-156.4084,67.29681,-0.2566773,-1.044161,0.8780404,24.35022,43.86497,-19.6783,1029.482
4.419223785,13.82988,-170.4686,56.43469,-0.1959636,-0.8919088,0.8911318,25.90533,34.11287,-27.40265,1029.486
4.439391136,39.63827,-185.9708,54.84809,-0.1910509,-0.7803712,0.8834074,25.90533,34.11287,-27.40265,1029.486
4.459558964,71.92964,-196.9064,35.32069,-0.2073305,-0.7663917,0.8653249,22.20303,29.59307,-30.67013,1029.481
4.479726314,104.4062,-200.2713,-15.75568,0.2033651,-1.087204,1.374953,22.20303,29.59307,-30.67013,1029.481
4.499894142,92.48992,-177.2583,-27.89928,-0.2204421,-0.9116164,0.7246433,22.20303,29.59307,-30.67013,1029.482
4.520061493,84.09293,-230.8551,-64.02498,-0.1830051,-0.7742451,0.6258812,18.14892,25.04031,-36.18726,1029.482
4.540229320,96.07099,-210.9666,-120.7155,-0.01203382,-0.7490676,0.8599737,18.14892,25.04031,-36.18726,1029.483
4.560397148,111.3214,-202.9151,-153.6069,-0.115032,-0.7970281,0.8432123,10.59847,21.14093,-39.06918,1029.483
4.580564022,106.135,-184.2884,-140.4259,-0.00579225,-0.8862389,0.8744174,10.59847,21.14093,-39.06918,1029.482
4.600732326,96.87364,-174.0737,-147.3215,0.1125407,-0.9070693,0.8931227,0.7368808,17.63701,-41.60416,1029.482
4.620899200,83.84595,-174.6746,-200.4727,0.2407983,-0.8009252,0.7799519,0.7368808,17.63701,-41.60416,1029.483
4.641067028,77.05428,-201.473,-261.6179,0.3840797,-0.7179171,0.8202591,0.7368808,17.63701,-41.60416,1029.483
4.661234379,84.89558,-210.546,-334.4185,0.3533855,-0.5952736,0.7538021,-8.02743,12.54127,-41.38441,1029.485
4.678881168,93.35432,-222.1426,-388.485,0.3636518,-0.490818,0.6373674,-8.02743,12.54127,-41.38441,1029.485
4.699048996,78.53609,-201.7734,-378.8434,0.3479779,-0.4000139,0.6219015,-16.72774,6.665617,-39.31544,1029.482
4.719216824,58.65498,-174.6746,-369.8119,0.4218969,-0.2637811,0.5594087,-16.72774,6.665617,-39.31544,1029.482
4.739383697,37.23031,-138.8032,-368.1033,0.4897646,-0.1785801,0.5310289,-16.72774,6.665617,-39.31544,1029.481
4.759552002,24.8818,-110.8632,-364.5029,0.5227889,0.0807017,0.5371723,-24.623,-3.038351,-36.00025,1029.481
4.779718876,18.89277,-89.41246,-362.4281,0.511769,0.1816195,0.6864855,-24.623,-3.038351,-36.00025,1029.482
4.799886703,12.03934,-92.47685,-331.2453,0.4634468,0.4991933,0.4982198,-26.65049,-12.57171,-33.47147,1029.482
4.820054054,3.024927,-111.5842,-303.1136,0.4395215,0.5689408,0.4330586,-26.65049,-12.57171,-33.47147,1029.48
4.840221882,10.00184,-96.86314,-277.606,0.382836,0.6382883,0.3953018,-26.65049,-12.57171,-33.47147,1029.48
4.860389233,13.64465,-83.10342,-256.3089,0.3543945,0.6280234,0.3472291,-23.7509,-20.57851,-31.28015,1029.481
4.880557060,17.28746,-78.77723,-238.4291,0.3130041,0.6382124,0.2720539,-23.7509,-20.57851,-31.28015,1029.481
4.900724888,0.3699958,-77.39525,-229.3977,0.3120333,0.6243784,0.1945465,-21.62134,-26.21026,-29.52046,1029.48
4.920892239,-14.20125,-86.58842,-223.7225,0.2706813,0.8096026,0.2210874,-21.62134,-26.21026,-29.52046,1029.48
4.941060066,-41.73844,-107.4383,-277.9721,0.4699914,0.5672091,0.3713411,-18.43158,-30.74605,-28.6239,1029.48
4.961227417,-59.21159,-105.0949,-274.1277,0.4972254,0.6342004,0.3371479,-18.43158,-30.74605,-28.6239,1029.48
4.978873730,-88.60105,-124.5027,-285.7831,0.4155337,0.7303281,0.3467029,-18.43158,-30.74605,-28.6239,1029.477
4.999041557,-95.51622,-155.1466,-301.7101,0.4072962,0.8544685,0.4159371,-15.20811,-34.14673,-28.16037,1029.477
5.019208908,-86.00787,-184.7691,-313.4876,0.4137309,0.9128336,0.5248166,-15.20811,-34.14673,-28.16037,1029.477
5.039376736,-85.88438,-193.4815,-298.659,0.2209285,0.963434,0.5996727,-10.18857,-35.17278,-29.42669,1029.473
5.059544563,-70.81919,-197.327,-256.492,-0.05262284,1.159872,0.5780281,-10.18857,-35.17278,-29.42669,1029.473
5.079711914,-70.51048,-210.4859,-244.2263,-0.1254648,1.169184,0.5804358,-10.18857,-35.17278,-29.42669,1029.476
5.099879742,-52.60513,-200.0309,-198.703,-0.2214879,1.07718,0.6042472,-5.486861,-36.59387,-29.80697,1029.476
5.120047092,-58.16196,-208.443,-132.0658,-0.2692797,0.965443,0.6002656,-5.486861,-36.59387,-29.80697,1029.476
5.140214920,-57.29757,-219.6791,-97.83179,-0.344017,0.9461678,0.5885425,-3.058639,-38.09278,-31.57592,1029.476
5.160381794,-35.74941,-231.2156,-92.33971,-0.3696874,0.9390499,0.5714283,-3.058639,-38.09278,-31.57592,1029.475
5.180549622,-33.40319,-233.619,-72.38515,-0.2901347,0.8130248,0.629747,-3.058639,-38.09278,-31.57592,1029.475
5.200716972,-45.81345,-244.6749,-34.48978,-0.2857679,0.7509516,0.6689603,-5.355935,-39.61874,-32.53547,1029.475
5.220884800,-66.43546,-247.9195,-17.4033,-0.3725032,0.7633308,0.7278527,-5.355935,-39.61874,-32.53547,1029.475
5.241052151,-89.34196,-223.4044,-22.16311,-0.3075805,0.7596521,0.7308518,-9.117844,-41.16812,-33.52239,1029.474
5.261219978,-112.1867,-206.4601,-10.69076,-0.2344669,0.7214262,0.7997236,-9.117844,-41.16812,-33.52239,1029.474
5.278866768,-146.2686,-205.0781,40.87379,-0.1237408,0.6728253,0.9065999,-9.117844,-41.16812,-33.52239,1029.474
5.299034596,-194.86,-225.3271,122.5838,-0.01458093,0.6931377,0.9763478,-16.12307,-40.89019,-34.5453,1029.474
5.319201469,-207.7642,-257.5333,168.7173,-0.002488369,0.8115684,0.973617,-16.12307,-40.89019,-34.5453,1029.473
5.339369297,-187.8831,-265.4046,188.5498,0.07181477,0.8597394,0.9642446,-24.26145,-38.28446,-37.35279,1029.473
5.359536648,-163.1243,-259.8166,196.2997,0.2230319,0.8509757,1.005016,-24.26145,-38.28446,-37.35279,1029.474
5.379704475,-142.7493,-254.529,193.7367,0.3412746,0.7975232,1.076101,-37.75281,-28.35356,-33.43503,1029.474
5.399871826,-132.3765,-261.6191,207.4669,0.4651415,0.7275969,1.005461,-37.75281,-28.35356,-33.43503,1029.48
5.420039654,-119.7811,-273.7565,240.7246,0.5578978,0.6809866,0.9279965,-37.75281,-28.35356,-33.43503,1029.48
5.440207004,-94.4666,-279.705,292.8383,0.6364619,0.6442164,0.8125819,-49.48623,-16.17576,-23.17572,1029.477
5.460374832,-65.81804,-269.1299,332.5644,0.6206068,0.5359267,0.7180452,-49.48623,-16.17576,-23.17572,1029.477
5.480541706,-56.24794,-255.0097,365.5779,0.6542019,0.3789175,0.6761644,-56.2275,-4.747495,-7.900011,1029.477
5.500710010,-55.13658,-237.4645,390.1092,0.6573085,0.2513262,0.5532789,-56.2275,-4.747495,-7.900011,1029.477
5.520877838,-46.92482,-216.5546,377.9045,0.6350463,0.1837549,0.4113438,-56.2275,-4.747495,-7.900011,1029.473
5.541044712,-12.9664,-191.9193,362.9539,0.6254681,0.05692805,0.2855437,-56.85522,9.499281,5.795543,1029.473
5.561212540,20.43633,-154.9063,368.3849,0.6424032,-0.006248108,0.2152304,-56.85522,9.499281,5.795543,1029.475
5.578859329,52.60421,-138.0822,395.052,0.6627657,-0.2017046,0.2487292,-49.76485,24.60191,16.88962,1029.475
5.599026680,49.57883,-139.344,442.0399,0.6510857,-0.4809368,0.2349793,-49.76485,24.60191,16.88962,1029.47
5.619194508,17.59617,-162.7776,496.8997,0.5654841,-0.7866266,0.297178,-37.37011,36.14502,20.7943,1029.47
5.639361381,-8.891391,-185.9708,496.4725,0.4029,-0.8175359,0.2145059,-37.37011,36.14502,20.7943,1029.472
5.659529686,-17.78232,-150.0393,415.6168,0.1741557,-0.7609916,0.2112156,-37.37011,36.14502,20.7943,1029.472
5.679696560,4.753718,-106.2966,289.421,0.09081155,-0.7854861,0.02419156,-18.4159,45.9199,24.41255,1029.47
5.699864387,17.7814,-99.50692,198.4355,0.1011309,-0.8383828,-0.0164842,-18.4159,45.9199,24.41255,1029.47
5.720031738,19.69542,-99.44683,177.9928,0.136716,-0.8377423,-0.01395749,2.312603,48.86813,25.73137,1029.47
5.740199566,36.85986,-112.4254,179.3963,0.1661667,-0.7929654,-0.01098282,2.312603,48.86813,25.73137,1029.47
5.760367393,70.07736,-131.4126,162.1268,0.1208026,-0.6912876,0.04656585,2.312603,48.86813,25.73137,1029.466
5.780534744,112.3093,-140.6659,136.0699,0.1229382,-0.682467,0.0926033,12.44963,47.56221,23.65888,1029.466
5.800702572,144.1067,-150.4599,142.8435,0.09595986,-0.726101,0.2233258,12.44963,47.56221,23.65888,1029.466
5.820869923,182.3254,-173.7132,164.0795,0.1485603,-0.6955459,0.2328159,21.40932,46.6688,18.04577,1029.466
5.841037750,195.4148,-191.1382,175.2467,0.0637319,-0.7577316,0.5545485,21.40932,46.6688,18.04577,1029.469
5.861205101,151.4541,-165.7819,161.2724,-0.02876064,-0.9714036,0.5936114,30.47028,47.77727,4.771479,1029.469
5.878851891,160.345,-155.2067,134.0561,-0.08164135,-0.9110312,0.6338453,30.47028,47.77727,4.771479,1029.469
5.899019241,137.6237,-145.1723,105.5583,-0.06732584,-0.9389653,0.7307604,30.47028,47.77727,4.771479,1029.467
5.919186592,104.9002,-146.4942,117.6409,-0.06520569,-0.8947855,0.7423311,36.96719,43.91842,-10.02503,1029.467
5.939354420,84.03119,-157.0093,116.4204,-0.1109252,-0.8229566,0.7688373,36.96719,43.91842,-10.02503,1029.469
5.959522247,72.85578,-171.0093,94.87926,-0.2385274,-0.7766693,0.7646465,37.67701,38.02326,-20.85423,1029.469
5.979689598,62.11257,-172.4514,73.094,-0.3623402,-0.8363461,0.7620512,37.67701,38.02326,-20.85423,1029.47
5.999857426,42.60192,-155.1466,66.38145,-0.4194033,-0.8620886,0.7492741,37.67701,38.02326,-20.85423,1029.47
6.020024776,21.42421,-136.1594,65.95429,-0.3751183,-0.8030451,0.7636954,36.83082,31.67793,-28.57829,1029.47
6.040192604,6.852966,-128.3482,59.97403,-0.2710714,-0.7630469,0.8005559,36.83082,31.67793,-28.57829,1029.47
6.060359478,-0.4944002,-137.7217,37.15138,-0.2183315,-0.712554,0.8104745,32.03688,25.9717,-33.22713,1029.47
6.080527306,-5.557292,-148.417,16.58658,-0.2439422,-0.7359188,0.8620158,32.03688,25.9717,-33.22713,1029.47
6.100694656,-18.89369,-148.1766,13.35236,-0.2520438,-0.7657341,0.813098,32.03688,25.9717,-33.22713,1029.47
6.120862484,-25.62363,-138.9234,23.42118,-0.2553669,-0.7506465,0.8544292,28.65727,23.33624,-36.46394,1029.47
6.141029835,-21.30165,-132.9749,22.62787,-0.16783,-0.7425514,0.8895929,28.65727,23.33624,-36.46394,1029.471
6.161197662,-9.323588,-149.2582,-6.114023,-0.07269484,-0.7231554,0.9274335,22.17047,21.69477,-38.39952,1029.471
6.178844452,-2.65539,-167.8849,-53.34593,-0.1100681,-0.7607677,0.9226602,22.17047,21.69477,-38.39952,1029.473
6.199011326,30.93257,-203.3957,-163.6758,0.03394788,-0.8663681,1.296703,22.17047,21.69477,-38.39952,1029.473
6.219179153,-3.334558,-197.988,-170.6324,-0.03166503,-0.8298776,0.8798978,17.56345,20.89162,-39.9049,1029.471
6.239346504,6.729481,-234.4602,-231.3504,-0.01141421,-0.7347969,0.8930952,17.56345,20.89162,-39.9049,1029.471
6.259514332,1.481362,-242.9925,-274.3107,0.132707,-0.8717813,0.9523255,8.74014,20.39485,-41.35603,1029.474
6.279682159,-12.84292,-198.9494,-253.868,0.1951104,-0.8393339,0.9367914,8.74014,20.39485,-41.35603,1029.474
6.299849510,-8.212222,-185.8506,-260.7026,0.446559,-0.7263265,1.000245,-3.218216,19.43882,-40.75655,1029.472
6.320017338,-7.780024,-183.6274,-266.9879,0.6046353,-0.7096776,0.8953695,-3.218216,19.43882,-40.75655,1029.472
6.340184688,-12.59594,-212.9494,-271.9308,0.7784189,-0.4600234,0.8630987,-3.218216,19.43882,-40.75655,1029.474
6.360352516,6.914709,-221.5417,-299.6964,0.7449039,-0.4761212,0.7564982,-13.99497,16.9832,-39.19374,1029.474
6.380519867,5.124174,-219.7992,-285.9662,0.8009011,-0.4321961,0.6996934,-13.99497,16.9832,-39.19374,1029.472
6.400687694,8.087817,-206.6404,-270.6494,0.7536717,-0.2399317,0.5458962,-24.75755,13.3084,-35.78841,1029.472
6.420854568,12.34805,-197.0266,-248.4369,0.8286083,-0.163572,0.4908063,-24.75755,13.3084,-35.78841,1029.469
6.441022396,17.10223,-180.1424,-226.1024,0.9121274,-0.1333248,0.4429537,-24.75755,13.3084,-35.78841,1029.469
6.461189747,9.199183,-163.1381,-187.7799,0.9367275,-0.1044427,0.3727087,-32.69065,5.886169,-30.20128,1029.469
6.478836536,1.66659,-156.7089,-163.9809,0.9969865,-0.05365502,0.3184761,-32.69065,5.886169,-30.20128,1029.469
6.499004364,-16.85618,-150.8204,-152.1424,1.012562,-0.07036234,0.2674937,-39.09037,-1.11451,-25.92592,1029.467
6.519171238,-27.29068,-160.7947,-151.105,1.02128,-0.01241624,0.2764834,-39.09037,-1.11451,-25.92592,1029.467
6.539339542,-38.15737,-165.4213,-154.6443,0.9572565,-0.02844875,0.2523139,-42.11647,-6.189116,-21.11441,1029.469
6.559506416,-59.89076,-164.0994,-153.3018,0.9520518,0.0602164,0.1784433,-42.11647,-6.189116,-21.11441,1029.469
6.579674244,-60.32296,-162.7776,-153.729,0.8763186,0.08859701,0.06785358,-42.11647,-6.189116,-21.11441,1029.467
6.599841595,-77.17867,-160.0737,-139.3885,0.819054,0.2156109,0.04967031,-44.72001,-10.89525,-15.39318,1029.467
6.620009422,-87.11923,-161.3355,-120.9596,0.7916582,0.300992,0.06831581,-44.72001,-10.89525,-15.39318,1029.464
6.640177250,-100.2087,-157.9707,-103.8121,0.7615837,0.3881527,0.001098535,-45.85097,-13.62896,-10.06741,1029.464
6.660344601,-104.4689,-165.6016,-94.84167,0.776944,0.4830939,0.01910465,-45.85097,-13.62896,-10.06741,1029.466
6.680512428,-113.4833,-161.9364,-102.8357,0.7133487,0.5371819,-0.06194602,-45.85097,-13.62896,-10.06741,1029.466
6.700679779,-114.7182,-169.2668,-86.48149,0.6799815,0.6523321,-0.01613795,-47.40355,-15.70256,-3.331074,1029.466
6.720847607,-115.0886,-177.8592,-79.15872,0.6216767,0.6872715,0.02835999,-47.40355,-15.70256,-3.331074,1029.465
6.741014957,-104.2219,-184.709,-85.99331,0.5682129,0.7191488,-0.04976127,-47.42957,-17.29815,2.478579,1029.465
6.761182785,-90.76204,-173.6531,-110.4026,0.4151027,0.7254943,-0.09541565,-47.42957,-17.29815,2.478579,1029.467
6.781349659,-80.01883,-161.2754,-117.2982,0.3080983,0.7397146,-0.1127833,-47.42957,-17.29815,2.478579,1029.467
6.798996448,-71.68359,-163.1982,-111.8061,0.2437005,0.7189044,-0.1462248,-45.55088,-18.87033,8.772282,1029.466
6.819164276,-76.12905,-149.4985,-108.938,0.1024106,0.7663609,-0.1470512,-45.55088,-18.87033,8.772282,1029.466
6.839331627,-77.61087,-146.7346,-106.0699,0.06290115,0.682975,-0.1499182,-43.58821,-22.35475,13.24829,1029.467
6.859499454,-91.99689,-129.7302,-104.7884,-0.07942943,0.7143142,-0.194523,-43.58821,-22.35475,13.24829,1029.467
6.879666328,-110.0875,-122.4598,-92.52278,-0.2284799,0.752552,-0.3094504,-39.26632,-25.34177,16.4288,1029.464
6.899834633,-123.9178,-144.1509,-90.50902,-0.2535204,0.7346044,-0.3123191,-39.26632,-25.34177,16.4288,1029.464
6.920001507,-157.6292,-141.5071,-61.88917,-0.1663091,0.6041486,-0.1855522,-39.26632,-25.34177,16.4288,1029.466
6.940169334,-179.1774,-143.55,-28.57054,-0.1953731,0.6359946,-0.1173935,-35.75759,-28.77926,19.52429,1029.466
6.960336685,-209.246,-145.8333,-20.8206,-0.2392039,0.670193,-0.02027306,-35.75759,-28.77926,19.52429,1029.468
6.980504513,-247.403,-126.786,-34.12364,-0.2603514,0.8272032,0.09354245,-32.90573,-32.88904,20.86874,1029.468
7.000671864,-268.3954,-96.38245,-54.87151,-0.2942505,0.9616813,0.1996,-32.90573,-32.88904,20.86874,1029.469
7.020839691,-257.0348,-91.69573,-62.31633,-0.1915904,1.048572,0.2620734,-32.90573,-32.88904,20.86874,1029.469
7.041007042,-226.5957,-98.42537,-65.06238,-0.1526833,1.152083,0.3425785,-30.33981,-39.66873,16.40592,1029.471
7.061174870,-202.2074,-99.44683,-55.29867,-0.163837,1.188466,0.4282568,-30.33981,-39.66873,16.40592,1029.471
7.081341743,-184.302,-98.42537,-33.45239,-0.1286399,1.180174,0.4479622,-25.70375,-47.01151,6.078839,1029.47
7.098988533,-161.0251,-100.0477,-24.66506,-0.1015898,1.240912,0.5038706,-25.70375,-47.01151,6.078839,1029.47
7.119156361,-143.5519,-106.1765,7.18902,0.001774878,1.202809,0.5684874,-25.70375,-47.01151,6.078839,1029.474
7.139323711,-137.3777,-115.8503,45.75564,0.04449316,1.328665,0.7073887,-23.96086,-49.841,-3.409523,1029.474
7.159491539,-135.3402,-138.8633,87.00728,0.1006914,1.317285,0.7348078,-23.96086,-49.841,-3.409523,1029.472
7.179659367,-131.8208,-156.1681,123.4381,0.1541608,1.327002,0.7385448,-25.06296,-49.02219,-8.801664,1029.472
7.199826717,-113.0511,-159.2926,152.241,0.2642857,1.362714,0.7290059,-25.06296,-49.02219,-8.801664,1029.475
7.219994545,-88.47756,-171.49,188.5498,0.3974456,1.315621,0.6781846,-29.85091,-44.12906,-10.17162,1029.475
7.240161419,-72.30101,-188.0738,219.7936,0.5377779,1.233307,0.7101079,-29.85091,-44.12906,-10.17162,1029.473
7.260329723,-56.12446,-211.6275,252.1359,0.6313128,1.156314,0.7058227,-29.85091,-44.12906,-10.17162,1029.473
7.280496597,-44.64034,-231.2156,286.675,0.7344952,1.094065,0.6555566,-37.04724,-37.46588,-7.077452,1029.474
7.300664425,-21.30165,-248.4603,315.4779,0.7776845,1.007545,0.5857812,-37.04724,-37.46588,-7.077452,1029.474
7.320831776,-6.174717,-258.735,330.5506,0.8143563,0.8264654,0.4763179,-44.37219,-28.62139,0.5924454,1029.472
7.340999603,2.160531,-266.6063,342.9993,0.8111678,0.6896481,0.3889251,-44.37219,-28.62139,0.5924454,1029.472
7.361166954,3.518867,-269.2501,364.4184,0.745901,0.5414418,0.2543058,-44.37219,-28.62139,0.5924454,1029.475
7.381334782,13.58291,-256.6921,388.4615,0.6749911,0.4250616,0.1850153,-48.05602,-15.12471,11.01781,1029.475
7.398981094,-8.212222,-238.3658,413.2979,0.6605625,0.3290121,0.03621767,-48.05602,-15.12471,11.01781,1029.474
7.419148445,-8.953133,-220.2799,447.1048,0.5927814,0.2199881,0.01534878,-45.89671,-0.8374758,21.0489,1029.474
7.439316273,-0.8648556,-201.6532,450.6441,0.4094459,0.1632252,-0.1470748,-45.89671,-0.8374758,21.0489,1029.477
7.459483623,5.926827,-165.0608,420.6818,0.3491128,0.008577404,-0.1143746,-45.89671,-0.8374758,21.0489,1029.477
7.479651451,61.68037,-137.3611,393.2213,0.2956228,-0.1648126,-0.2861751,-37.19717,13.21988,28.57067,1029.477
7.499818802,53.83907,-107.6786,398.7134,0.1744383,-0.1191756,-0.3106289,-37.19717,13.21988,28.57067,1029.474
7.519986629,98.60243,-83.88454,356.3634,0.1091796,-0.2022728,-0.1958206,-25.60165,24.00459,32.06617,1029.474
7.540153503,129.3502,-84.84592,295.4623,0.04073152,-0.2831616,-0.1620418,-25.60165,24.00459,32.06617,1029.475
7.560321808,185.6595,-68.68276,221.4413,-0.0107596,-0.3599741,-0.115099,-12.63081,31.43675,31.05771,1029.475
7.580488682,231.1637,-40.14188,200.9375,-0.09033848,-0.4479936,-0.06992361,-12.63081,31.43675,31.05771,1029.472
7.600656509,271.7903,-25.06027,201.7918,-0.07728633,-0.6097934,0.2320912,-12.63081,31.43675,31.05771,1029.472
7.620823860,268.518,-23.6783,224.1263,0.05522937,-0.7369624,0.3580912,-3.826116,35.10042,26.33449,1029.471
7.640991688,282.5953,-9.137465,257.3228,-0.09272604,-0.6399113,0.4919766,-3.826116,35.10042,26.33449,1029.471
7.661159038,312.0465,-4.570924,259.9468,-0.1870441,-0.6490582,0.5981576,1.537991,39.48799,19.82709,1029.471
7.681326866,331.9893,6.244569,213.6913,-0.2611914,-0.6921381,0.6824346,1.537991,39.48799,19.82709,1029.471
7.698973179,343.9057,20.06437,155.0481,-0.2035413,-0.7517822,0.8217375,1.537991,39.48799,19.82709,1029.471
7.719140530,331.7424,24.75108,143.6367,-0.01420866,-0.7313836,0.9843621,8.454672,44.64693,9.70608,1029.471
7.739308357,262.035,28.47642,169.8157,0.1089776,-0.6655332,1.146811,8.454672,44.64693,9.70608,1029.468
7.759475708,241.4747,-35.51525,181.6542,0.0503637,-0.7075193,1.248045,16.97765,49.99409,-6.726452,1029.468
7.779643536,265.1839,-95.00047,127.7707,-0.0568924,-0.6705289,1.336361,16.97765,49.99409,-6.726452,1029.468
7.799810886,278.8907,-119.9362,76.87743,-0.1175316,-0.6568339,1.312357,28.1455,45.84723,-22.27342,1029.468
7.819978714,264.3813,-113.9276,77.54869,-0.05052274,-0.673905,1.345475,28.1455,45.84723,-22.27342,1029.469
7.840146065,218.877,-111.5842,100.4324,-0.08002886,-0.6813977,1.310005,28.1455,45.84723,-22.27342,1029.469
7.860313892,135.4628,-135.7989,95.42847,-0.1041962,-0.6416854,1.330091,32.94812,34.35264,-35.34312,1029.469
7.880480766,130.9555,-160.0737,73.82628,-0.1495355,-0.6096759,1.302663,32.94812,34.35264,-35.34312,1029.469
7.900648594,115.0877,-159.1724,59.30278,-0.1042655,-0.464904,1.305417,30.71521,21.14432,-42.34978,1029.472
7.920815945,95.39182,-169.387,68.0901,-0.07450149,-0.3873327,1.336602,30.71521,21.14432,-42.34978,1029.472
7.940983772,83.72247,-186.6918,72.97195,-0.0497538,-0.3062014,1.391494,30.71521,21.14432,-42.34978,1029.474
7.961151123,75.51071,-211.6876,67.60192,0.02691468,-0.2618186,1.424994,25.32147,12.42887,-47.4977,1029.474
7.981318951,76.31336,-226.589,66.86964,0.1315108,-0.1897963,1.421527,25.32147,12.42887,-47.4977,1029.472
7.998965740,69.83039,-235.662,77.85381,0.1734797,-0.1453011,1.476163,17.36712,7.012624,-49.95844,1029.472
8.019132614,64.39705,-250.323,78.8912,0.1869997,-0.1285216,1.428307,17.36712,7.012624,-49.95844,1029.472
8.039300442,54.20952,-268.2887,64.73383,0.2235305,-0.2064434,1.41033,17.36712,7.012624,-49.95844,1029.472
8.059467793,36.24243,-279.5849,51.73591,0.2328179,-0.2564613,1.371643,7.055856,3.040842,-51.09816,1029.476
8.079635620,5.679857,-287.1557,45.08439,0.2545144,-0.291189,1.334768,7.055856,3.040842,-51.09816,1029.476
8.099802971,-26.17931,-284.572,33.2459,0.3231667,-0.2676076,1.244748,-4.039291,0.5801308,-49.54131,1029.474
8.119970799,-53.2843,-284.1514,13.77952,0.3711309,-0.2584118,1.144229,-4.039291,0.5801308,-49.54131,1029.474
8.140138149,-77.24042,-287.6965,-0.4388719,0.4359572,-0.2305496,1.007966,-15.70292,0.6917443,-44.82143,1029.472
8.160305977,-99.22077,-300.0742,-4.222306,0.5116361,-0.2113234,0.8802344,-15.70292,0.6917443,-44.82143,1029.472
8.180472851,-115.2738,-327.3533,-10.38564,0.4781333,-0.238642,0.6797786,-15.70292,0.6917443,-44.82143,1029.471
8.200641155,-143.5519,-285.5935,-18.86786,0.5689669,-0.2047014,0.7627964,-25.57094,3.879209,-38.61832,1029.471
8.220808029,-174.6085,-296.5892,-51.08807,0.6310024,-0.3036645,0.513299,-25.57094,3.879209,-38.61832,1029.469
8.240975857,-196.2184,-294.0656,-84.40671,0.6888692,-0.233805,0.4927649,-34.71865,8.83218,-28.40596,1029.469
8.261143208,-237.2154,-281.087,-114.7352,0.7101554,-0.2148962,0.2949039,-34.71865,8.83218,-28.40596,1029.467
8.281311035,-258.0844,-277.1213,-135.361,0.6786906,-0.03773782,0.1736398,-34.71865,8.83218,-28.40596,1029.467
8.298957825,-273.0261,-262.4604,-170.2052,0.5876473,0.1108097,0.07861626,-41.94495,12.72275,-16.37784,1029.467
8.319124699,-270.9886,-247.4388,-206.0868,0.5838781,0.1968442,0.02737295,-41.94495,12.72275,-16.37784,1029.468
8.339292526,-289.5731,-233.0783,-189.1224,0.5746499,0.2671369,-0.2109697,-46.41108,13.57401,-3.441488,1029.468
8.359459877,-278.2125,-255.0698,-191.4413,0.4823587,0.1905391,-0.06714511,-46.41108,13.57401,-3.441488,1029.464
8.379627704,-299.1432,-226.1684,-201.205,0.3140116,0.2741735,-0.04024817,-46.41108,13.57401,-3.441488,1029.464
8.399795055,-323.7168,-190.4772,-209.9313,0.2427555,0.3090495,-0.06237962,-48.3268,8.84868,8.187338,1029.462
8.419962883,-317.7895,-154.0651,-215.9116,0.1627102,0.4098725,0.01580256,-48.3268,8.84868,8.187338,1029.462
8.440130234,-312.7883,-106.3567,-227.0788,0.09292743,0.5145605,0.06707399,-46.67524,0.6947906,18.42743,1029.465
8.460297108,-320.074,-74.99181,-223.1733,0.03816874,0.5341136,0.003160856,-46.67524,0.6947906,18.42743,1029.465
8.480465412,-374.0987,-73.91026,-224.5158,-0.1076576,0.6579469,0.08889015,-43.6968,-10.33762,21.86208,1029.465
8.500632286,-384.101,-88.45108,-212.4332,-0.1518892,0.8186033,0.2326369,-43.6968,-10.33762,21.86208,1029.465
8.520800114,-383.7923,-77.27507,-180.3961,-0.02004861,0.9488735,0.3887732,-43.6968,-10.33762,21.86208,1029.463
8.540967464,-388.7317,-65.25786,-119.8612,0.06621545,0.9795702,0.5445731,-40.06497,-25.00696,18.2126,1029.463
8.561135292,-427.2591,-82.02187,-30.95044,0.2144401,1.030006,0.7390925,-40.06497,-25.00696,18.2126,1029.459
8.581302643,-420.1587,-112.7859,24.58061,0.1804774,1.243275,0.8931664,-34.36049,-40.28693,3.764313,1029.459
8.598948955,-369.3445,-110.1422,12.62008,0.1409694,1.405623,0.9250118,-34.36049,-40.28693,3.764313,1029.462
8.619116783,-278.4595,-88.09057,-18.68479,0.2063091,1.446853,1.009562,-34.36049,-40.28693,3.764313,1029.462
8.639284134,-220.298,-82.62273,-30.09612,0.3672838,1.522941,1.045427,-35.31168,-42.32308,-11.14595,1029.464
8.659451961,-160.5929,-98.7258,-5.198676,0.5273356,1.384753,1.011545,-35.31168,-42.32308,-11.14595,1029.464
8.679619312,-87.30446,-129.3096,28.60814,0.6147705,1.219661,0.9546833,-37.31732,-36.54902,-17.83544,1029.464
8.699787140,-57.85325,-152.0822,59.30278,0.5951326,1.037779,0.9174265,-37.31732,-36.54902,-17.83544,1029.464
8.719954491,-47.0483,-172.6317,90.91276,0.5694295,0.9649155,0.8120416,-37.31732,-36.54902,-17.83544,1029.463
8.740122318,-44.45511,-170.3484,107.2059,0.5794986,0.9553456,0.7665051,-39.38858,-32.42061,-15.57688,1029.463
8.760289669,-37.35472,-165.902,112.0268,0.6223619,0.9119051,0.716473,-39.38858,-32.42061,-15.57688,1029.462
8.780457497,-11.05238,-171.0093,115.0169,0.6599318,0.8249616,0.7272581,-42.70113,-28.80704,-9.759663,1029.462
8.800624371,-6.545173,-178.8205,120.0208,0.7245072,0.7309163,0.7205949,-42.70113,-28.80704,-9.759663,1029.462
8.820792198,-0.3709151,-192.4,141.684,0.7804144,0.6637355,0.6860139,-45.20536,-24.74912,-3.473143,1029.462
8.840959549,-4.878123,-196.3056,167.7409,0.8076293,0.5526293,0.7107273,-45.20536,-24.74912,-3.473143,1029.461
8.861127377,-7.594796,-209.5846,182.5085,0.8320523,0.4819387,0.6277274,-45.20536,-24.74912,-3.473143,1029.461
8.881294727,-13.64557,-221.9023,190.9907,0.8815634,0.3277884,0.4754494,-47.39225,-19.59495,5.14041,1029.459
8.898941040,-21.48688,-232.3572,195.2013,0.8524728,0.3534243,0.4349015,-47.39225,-19.59495,5.14041,1029.459
8.919109344,-14.32474,-244.4345,190.6856,0.8513519,0.2616427,0.3706788,-47.3628,-12.15637,14.20934,1029.457
8.939276218,-16.79444,-251.2843,187.2683,0.7831882,0.2463373,0.2659279,-47.3628,-12.15637,14.20934,1029.457
8.959444046,-14.26299,-245.5161,195.8115,0.7430649,0.2061609,0.2205578,-47.3628,-12.15637,14.20934,1029.454
8.979611397,0.7404513,-228.692,197.7032,0.699432,0.127711,-0.04086034,-43.87636,-5.030262,22.82544,1029.454
8.999778748,24.20263,-213.1898,200.2662,0.6511653,0.1858206,-0.05760266,-43.87636,-5.030262,22.82544,1029.452
9.019946575,32.16742,-191.8592,202.0969,0.5563215,0.1535044,-0.1159869,-38.76991,1.766094,30.1856,1029.452
9.040113926,50.56671,-177.739,231.205,0.5142702,0.1051858,-0.274936,-38.76991,1.766094,30.1856,1029.452
9.060281754,135.9567,-185.2497,291.5568,0.3864287,0.1630223,-0.2672983,-32.06076,7.509004,34.48586,1029.452
9.080448627,149.9723,-160.2539,332.2592,0.2818175,0.1633125,-0.3462419,-32.06076,7.509004,34.48586,1029.45
9.100616455,178.1886,-124.5628,335.3104,0.1055666,0.06127936,-0.3450689,-32.06076,7.509004,34.48586,1029.45
9.120783806,257.713,-102.6915,304.1886,0.03462033,-0.08245128,-0.2566712,-23.80945,15.6235,36.98745,1029.446
9.140951633,301.4885,-86.16781,280.0844,0.02222694,-0.2880566,-0.1448273,-23.80945,15.6235,36.98745,1029.446
9.161118984,338.5958,-76.07335,258.7263,0.05077657,-0.4247306,0.05643569,-13.65324,24.55738,33.19132,1029.446
9.181286812,342.9796,-78.83731,247.7422,0.103338,-0.4995483,0.3420928,-13.65324,24.55738,33.19132,1029.446
9.198933601,280.0639,-72.22784,242.2501,0.0148942,-0.8830342,0.4947796,-13.65324,24.55738,33.19132,1029.446
9.219100475,201.9595,-24.57959,236.7581,-0.2004597,-1.096926,0.520463,-4.148808,33.21608,26.30382,1029.442
9.239268303,173.5579,7.746721,198.7406,-0.1932441,-1.237037,0.1005535,-4.148808,33.21608,26.30382,1029.442
9.259435654,251.2301,11.89266,166.5204,0.069893,-1.138284,0.3958389,3.080701,38.68422,20.74215,1029.442
9.279603481,216.0986,2.39906,161.7606,0.05657544,-0.9820612,0.5057992,3.080701,38.68422,20.74215,1029.442
9.299770832,233.4482,-20.31347,149.8001,0.05135142,-0.8355273,0.5784181,3.080701,38.68422,20.74215,1029.442
9.319938660,251.4771,-42.72558,141.684,0.03042033,-0.8486518,0.635983,8.834474,42.30616,15.51346,1029.442
9.340106010,261.9733,-76.61413,123.6822,-0.05948137,-0.9150854,0.7404636,8.834474,42.30616,15.51346,1029.442
9.360272884,268.2093,-70.06474,78.70813,-0.196343,-0.9053946,0.7798553,15.01444,46.77135,4.921197,1029.442
9.380440712,259.874,-49.15479,45.51155,-0.1230333,-0.9286356,0.8582179,15.01444,46.77135,4.921197,1029.442
9.400608063,225.9774,-31.85,66.38145,-0.00625107,-0.9236194,0.915595,21.36064,47.86568,-10.2617,1029.442
9.420775890,197.1436,-20.67399,91.33992,0.08202523,-0.8454561,0.9484052,21.36064,47.86568,-10.2617,1029.442
9.440943241,168.8655,-31.48948,104.704,0.1326939,-0.7907704,0.9728845,21.36064,47.86568,-10.2617,1029.442
9.461111069,148.6139,-61.11192,105.5583,0.1247351,-0.6826751,1.042258,23.94406,43.90792,-22.82504,1029.442
9.481278419,135.2158,-90.55409,97.62531,0.08896067,-0.6239039,1.080092,23.94406,43.90792,-22.82504,1029.442
9.498924732,117.9279,-113.6872,99.88316,0.1004129,-0.6137106,1.103506,27.01734,36.88773,-31.3826,1029.442
9.519092560,74.7698,-131.5929,104.9481,0.0731622,-0.5930233,1.123658,27.01734,36.88773,-31.3826,1029.442
9.539259910,86.87135,-168.6059,98.17451,-0.007738402,-0.5303198,1.218873,27.01734,36.88773,-31.3826,1029.442
9.559427738,96.3797,-200.091,76.32823,-0.05356738,-0.5029507,1.216919,26.96837,28.57801,-36.87497,1029.442
9.579595089,90.45242,-201.1725,63.75746,-0.05139832,-0.5412061,1.204523,26.96837,28.57801,-36.87497,1029.442
9.599762916,73.9054,-194.7433,61.43859,-0.03590295,-0.5550939,1.163252,22.5797,22.51655,-42.41807,1029.442
9.619930267,52.23376,-185.2497,62.35394,0.01252538,-0.5300804,1.135455,22.5797,22.51655,-42.41807,1029.44
9.640098095,24.32611,-185.43,58.99766,0.04295067,-0.493508,1.18265,22.5797,22.51655,-42.41807,1029.44
9.660264969,16.67003,-184.1682,45.3895,0.03662733,-0.466388,1.18225,15.48879,15.9866,-44.87744,1029.444
9.680432320,19.75716,-186.3914,27.63177,0.1418537,-0.452893,1.148093,15.48879,15.9866,-44.87744,1029.444
9.700600147,9.507896,-181.7047,20.24797,0.2076594,-0.467088,1.085724,7.890796,12.87354,-46.01984,1029.442
9.720767498,-6.112975,-182.5459,6.456743,0.2440136,-0.4732254,1.037923,7.890796,12.87354,-46.01984,1029.442
9.740935326,-26.98197,-184.8892,-7.21244,0.2769402,-0.5061499,0.987606,2.114126,12.02242,-45.68921,1029.442
9.761102676,-48.40664,-217.6962,-29.36384,0.2263241,-0.5729952,1.012086,2.114126,12.02242,-45.68921,1029.442
9.781270504,-58.34719,-172.3913,-33.94057,0.2985277,-0.4483627,0.9392053,2.114126,12.02242,-45.68921,1029.445
9.798916817,-59.5203,-181.945,-53.34593,0.38198,-0.4378159,0.8672847,-5.283921,11.88998,-44.93059,1029.445
9.819084167,-64.21273,-190.1167,-59.99745,0.5033864,-0.4314324,0.8450839,-5.283921,11.88998,-44.93059,1029.441
9.839251995,-84.58778,-191.679,-84.40671,0.4868093,-0.4701914,0.7505907,-11.56676,14.00113,-42.26369,1029.441
9.859419346,-94.28136,-180.0223,-108.6329,0.5627783,-0.4557118,0.7091339,-11.56676,14.00113,-42.26369,1029.445
9.879587173,-109.2231,-169.2668,-124.0107,0.6654446,-0.4359822,0.6789637,-11.56676,14.00113,-42.26369,1029.445
9.899754524,-128.9189,-177.018,-134.9949,0.7365519,-0.3630589,0.6199289,-19.78942,16.1096,-37.45403,1029.443
9.919921398,-132.1913,-172.151,-150.6168,0.8321865,-0.3230632,0.5438495,-19.78942,16.1096,-37.45403,1029.443
9.940089226,-138.736,-172.9922,-176.0634,0.8876204,-0.3045284,0.4961489,-26.85822,18.18094,-33.07208,1029.443
9.960256577,-155.0978,-162.6574,-195.5298,0.885869,-0.2366916,0.3716558,-26.85822,18.18094,-33.07208,1029.444
9.980424404,-156.7648,-154.9664,-223.9056,0.8816721,-0.1535535,0.3174538,-33.91288,18.31682,-25.12691,1029.444
10.000591755,-147.9357,-170.108,-248.0708,0.9020673,-0.04412842,0.2093576,-33.91288,18.31682,-25.12691,1029.442
10.020759583,-122.2508,-166.1424,-252.1593,0.8124049,-0.02256062,0.2192192,-33.91288,18.31682,-25.12691,1029.442
10.040926933,-96.13364,-152.623,-239.2834,0.7826753,0.03849489,0.1857032,-39.02722,17.34916,-16.71181,1029.444
10.061094761,-86.0696,-142.5886,-222.0749,0.7714877,0.1302158,0.1355262,-39.02722,17.34916,-16.71181,1029.444
10.081261635,-86.25483,-140.2453,-213.8978,0.7221104,0.2135551,0.02522578,-44.7267,11.45187,-10.16632,1029.443
10.098908424,-61.43432,-135.0178,-209.6262,0.678526,0.2429501,-0.07801344,-44.7267,11.45187,-10.16632,1029.443
10.119076252,-81.1302,-151.902,-205.0494,0.6427586,0.3068821,-0.0699856,-44.7267,11.45187,-10.16632,1029.443
10.139243603,-127.9311,-164.9407,-201.6932,0.6165422,0.3831866,-0.06552557,-46.50671,4.879721,-4.454336,1029.443
10.159411430,-153.5542,-162.0565,-205.9038,0.5304499,0.4571406,-0.08396435,-46.50671,4.879721,-4.454336,1029.443
10.179578781,-140.4031,-152.3827,-205.5986,0.4600169,0.5844093,-0.1036269,-46.7468,-2.434613,2.237541,1029.443
10.199745655,-143.6754,-150.2196,-191.1972,0.4334582,0.6806617,-0.1006696,-46.7468,-2.434613,2.237541,1029.443
10.219913483,-160.9633,-146.3741,-171.9749,0.4194271,0.7253679,-0.07465664,-46.7468,-2.434613,2.237541,1029.443
10.240080833,-196.7123,-141.447,-147.2605,0.3614991,0.802558,-0.07219707,-45.45073,-9.388985,7.552821,1029.441
10.260248661,-216.0377,-124.3826,-120.8985,0.3176806,0.8794003,-0.05715901,-45.45073,-9.388985,7.552821,1029.441
10.280416012,-234.1283,-111.5241,-95.08575,0.3184659,0.9649896,-0.00658153,-43.75193,-16.24602,11.08265,1029.441
10.300583839,-234.0666,-91.57556,-59.20415,0.2378549,0.9911743,0.0449038,-43.75193,-16.24602,11.08265,1029.441
10.320751190,-230.7325,-73.79008,-43.21609,0.3089233,0.9869844,0.1106404,-41.60343,-21.91892,11.49652,1029.443
10.340919018,-237.8946,-60.3308,-53.529,0.2997279,0.9916165,0.2139792,-41.60343,-21.91892,11.49652,1029.443
10.361085892,-228.8802,-61.77287,-76.35165,0.3055927,1.065632,0.2643224,-41.60343,-21.91892,11.49652,1029.445
10.381253242,-208.5669,-69.16345,-66.03874,0.2573918,1.052109,0.3107034,-38.77566,-25.97965,9.701364,1029.445
10.398900032,-180.721,-65.0776,-57.06834,0.2436095,1.047831,0.3723388,-38.77566,-25.97965,9.701364,1029.443
10.419067860,-180.0418,-59.36942,-45.53497,0.2409381,1.003434,0.3815114,-36.69365,-29.70379,5.654128,1029.443
10.439234733,-184.302,-47.23203,-40.95823,0.2926119,0.9935811,0.4422463,-36.69365,-29.70379,5.654128,1029.444
10.459403038,-168.3107,-37.85861,-40.47005,0.3344329,0.9555121,0.5341957,-36.69365,-29.70379,5.654128,1029.444
10.479569912,-141.5762,-43.26635,-41.9346,0.3281711,0.9474229,0.5533063,-35.39586,-32.6191,1.154461,1029.444
10.499737739,-117.1879,-64.47674,-42.54483,0.3278484,0.9176806,0.5116501,-35.39586,-32.6191,1.154461,1029.444
10.519905090,-100.2087,-87.24936,-28.08235,0.3128563,0.8890258,0.6258389,-33.32685,-33.70452,-3.371037,1029.442
10.540072918,-120.8924,-96.02193,-10.81281,0.2998621,0.9119005,0.5997533,-33.32685,-33.70452,-3.371037,1029.442
10.560240269,-114.7799,-113.4469,4.565025,0.3012841,0.8897439,0.5809448,-33.32685,-33.70452,-3.371037,1029.444
10.580407619,-101.6287,-127.3869,13.84054,0.3073187,0.9140032,0.695364,-33.3243,-32.85485,-5.602564,1029.444
10.600575447,-99.03555,-132.374,30.68293,0.385831,0.8908938,0.6728916,-33.3243,-32.85485,-5.602564,1029.441
10.620742321,-105.5803,-144.9921,56.25162,0.3836262,0.8443823,0.6998743,-34.54177,-30.6193,-5.595751,1029.441
10.640910149,-116.8792,-165.8419,96.0387,0.3930264,0.7454502,0.7383103,-34.54177,-30.6193,-5.595751,1029.443
10.661077499,-149.4175,-193.1811,144.369,0.5071066,0.7393243,0.7862723,-36.21009,-28.78799,-4.256943,1029.443
10.681245327,-190.1676,-243.5332,184.3392,0.6033866,0.7044008,0.7626311,-36.21009,-28.78799,-4.256943,1029.443
10.698892116,-197.1445,-287.8767,208.1992,0.6133595,0.5970209,0.8201892,-36.21009,-28.78799,-4.256943,1029.443
10.719058990,-198.8115,-330.4778,227.4825,0.6306986,0.4848548,0.7377264,-39.451,-24.70755,-0.1623745,1029.443
10.739227295,-219.9892,-353.9714,253.4784,0.7539525,0.5130329,0.630588,-39.451,-24.70755,-0.1623745,1029.439
10.759394169,-225.4843,-358.2976,254.2107,0.7913094,0.5557729,0.4627194,-43.33593,-16.19699,8.399725,1029.439
10.779561520,-171.5213,-354.392,240.3584,0.8074018,0.4955805,0.3355272,-43.33593,-16.19699,8.399725,1029.441
10.799729347,-117.5583,-289.7995,268.246,0.73561,0.5195431,0.2364348,-43.33593,-16.19699,8.399725,1029.441
10.819896698,-143.8607,-206.0996,282.1592,0.7295886,0.4158575,-0.05726742,-43.72503,-8.354877,19.26038,1029.441
10.840064526,-165.0384,-159.2926,264.9507,0.7230746,0.1314988,-0.1323964,-43.72503,-8.354877,19.26038,1029.441
10.860231876,-197.2062,-136.5199,254.5768,0.7320513,0.03893305,-0.1478703,-39.03492,-0.8266227,27.45545,1029.439
10.880399704,-195.9096,-128.6487,202.5241,0.7357625,-0.04416504,-0.2447061,-39.03492,-0.8266227,27.45545,1029.439
10.900566578,-76.80822,-135.7388,181.4101,0.7001491,-0.1782319,-0.4247804,-39.03492,-0.8266227,27.45545,1029.441
10.920733929,-2.717133,-128.4083,176.2841,0.5419144,-0.2395005,-0.3324449,-34.99268,4.101782,32.97729,1029.441
10.940901756,29.01855,-109.2409,144.6131,0.4412283,-0.2954905,-0.4174115,-34.99268,4.101782,32.97729,1029.441
10.961069107,-8.088737,-80.69998,113.7354,0.5269922,-0.5598142,-0.3292319,-30.04972,6.024701,35.33656,1029.441
10.981236935,-102.3079,-44.16764,105.6804,0.4705309,-0.6308607,-0.284592,-30.04972,6.024701,35.33656,1029.439
10.998883247,-170.2247,-4.93144,105.7414,0.5270591,-0.5462367,-0.4225544,-25.5839,8.747238,38.14605,1029.439
11.019050598,-122.0655,-12.50229,104.0327,0.5086012,-0.5991058,-0.7634552,-25.5839,8.747238,38.14605,1029.441
11.039218426,-90.88553,-41.16334,116.3594,0.4286862,-0.5168678,-0.6258358,-25.5839,8.747238,38.14605,1029.441
11.059385777,-145.1572,-38.94016,118.3732,0.405656,-0.5043535,-0.5098205,-23.59544,7.9506,39.06944,1029.439
11.079553604,-191.9581,-2.768342,120.57,0.3501759,-0.4049914,-0.6289624,-23.59544,7.9506,39.06944,1029.439
11.099720955,-133.4262,18.6223,113.3083,0.3632944,-0.3745805,-0.7764146,-22.41303,6.452035,39.96873,1029.437
11.119887829,-31.98311,-3.669633,122.7058,0.345292,-0.3070571,-0.8512577,-22.41303,6.452035,39.96873,1029.437
11.140056133,-32.41531,-31.06888,137.6565,0.2967367,-0.3412202,-0.7353516,-22.41303,6.452035,39.96873,1029.435
11.160223007,-63.34834,-21.57528,146.3828,0.2733125,-0.4263758,-0.7256651,-21.92407,3.077324,39.93351,1029.435
11.180390835,-10.86715,-48.31358,163.5913,0.3339767,-0.4184947,-0.5245852,-21.92407,3.077324,39.93351,1029.435
11.200558186,-97.43024,-65.13769,193.6147,0.2177438,-0.4541286,-0.436889,-22.33499,3.425399,41.27611,1029.435
11.220726013,-157.1353,-80.39955,196.4828,0.1416576,-0.5884948,-0.4679764,-22.33499,3.425399,41.27611,1029.434
11.240893364,-180.5357,-76.67421,178.1758,0.1820976,-0.6021325,-0.6824065,-20.4891,4.937078,42.67567,1029.434
11.261060715,-172.324,-73.66991,147.3592,0.03180895,-0.5642158,-0.8649009,-20.4891,4.937078,42.67567,1029.434
11.281228542,-83.78513,-93.19788,135.2156,0.1571295,-0.5561311,-1.050155,-20.4891,4.937078,42.67567,1029.434
11.298874855,-57.42105,-112.1851,132.2865,0.02640853,-0.7060778,-0.694728,-17.71359,2.684065,45.38868,1029.432
11.319042206,-81.31543,-99.68718,130.2117,-0.02194601,-0.5949045,-0.6683494,-17.71359,2.684065,45.38868,1029.432
11.339210033,-70.57222,-110.2623,131.6152,-0.1055669,-0.5181834,-0.8618866,-15.79471,1.488278,47.71526,1029.43
11.359377384,-77.61087,-114.2881,137.6565,-0.1604696,-0.4975597,-0.8871734,-15.79471,1.488278,47.71526,1029.43
11.379545212,-106.0125,-108.8803,117.0307,-0.1160933,-0.6367627,-0.8900377,-15.79471,1.488278,47.71526,1029.43
11.399712086,-73.53587,-101.4898,92.80447,-0.055113,-0.6278055,-0.9422713,-11.93802,1.124678,50.92156,1029.43
11.419880390,-26.92022,-94.70004,87.8616,-0.2099678,-0.5721837,-0.7147157,-11.93802,1.124678,50.92156,1029.428
11.440047264,10.86623,-132.1937,94.75722,-0.339004,-0.6341155,-0.5986673,-7.298296,-1.467295,53.21604,1029.428
11.460214615,36.36592,-205.7391,92.01118,-0.4134329,-0.6498564,-0.5741225,-7.298296,-1.467295,53.21604,1029.432
11.480382442,77.6717,-280.1857,61.56063,-0.5972627,-0.6990287,-0.4748436,-7.298296,-1.467295,53.21604,1029.432
11.500549793,115.9521,-330.598,40.08049,-0.7298852,-0.7733657,-0.3894723,-0.7382569,-2.142311,55.12259,1029.431
11.520717621,145.3416,-397.0531,35.13762,-0.8331366,-0.8042128,-0.2697886,-0.7382569,-2.142311,55.12259,1029.431
11.540884495,142.3779,-451.1306,13.16929,-0.9655851,-0.7733349,-0.2009768,10.81452,-0.05011797,53.56936,1029.429
11.561052799,99.03463,-486.4612,-78.0603,-1.058113,-0.8429117,-0.3224032,10.81452,-0.05011797,53.56936,1029.429
11.581219673,49.57883,-484.4784,-141.1582,-1.068693,-1.260234,-0.38544,30.12443,4.640188,42.26153,1029.429
11.598866463,77.17776,-411.2935,-120.8375,-0.9431778,-1.513685,-0.5811355,30.12443,4.640188,42.26153,1029.429
11.619033813,169.0507,-317.7996,-67.86944,-0.9957588,-1.288213,-0.4664209,30.12443,4.640188,42.26153,1029.429
11.639201641,124.7195,-280.5463,-44.86371,-1.03853,-1.102444,-0.1561344,48.35405,10.17689,23.83224,1029.433
11.659368515,60.69249,-284.8124,-50.66091,-0.995167,-0.9648052,0.02162558,48.35405,10.17689,23.83224,1029.433
11.679536343,35.00758,-279.645,-92.64483,-1.079204,-0.9131227,0.2406102,53.40934,16.14855,7.920505,1029.431
11.699703693,45.31859,-268.5891,-130.4182,-1.04013,-0.8660536,0.4217213,53.40934,16.14855,7.920505,1029.431
11.719871521,72.85578,-265.4647,-162.6384,-1.056854,-0.6560109,0.5415136,53.40934,16.14855,7.920505,1029.429
11.740038872,66.00236,-272.9754,-186.2543,-1.04961,-0.8438996,0.6692346,52.70681,19.79539,-5.565018,1029.429
11.760206222,5.556372,-292.2029,-194.9196,-0.9709573,-0.9106945,0.6873236,52.70681,19.79539,-5.565018,1029.429
11.780374050,-53.16082,-297.791,-199.4353,-0.7746543,-1.075867,0.5989186,46.49069,25.96271,-17.70968,1029.429
11.800540924,-48.28315,-273.2158,-210.2974,-0.6190224,-1.073629,0.4227926,46.49069,25.96271,-17.70968,1029.429
11.820708752,3.395382,-230.6748,-243.7381,-0.5502546,-0.9768376,0.3555779,46.49069,25.96271,-17.70968,1029.429
11.840876102,39.70002,-168.1853,-288.224,-0.4801991,-0.8980175,0.2884635,34.75837,33.08457,-24.56127,1029.432
11.861043930,62.11257,-132.374,-321.7257,-0.4118088,-0.846048,0.2772259,34.75837,33.08457,-24.56127,1029.432
11.881211281,73.59669,-110.3825,-325.6312,-0.2926927,-0.7920431,0.2545936,21.12416,38.23326,-27.43699,1029.43
11.898857594,123.5464,-85.68713,-323.6784,-0.2745011,-0.7732702,0.2593909,21.12416,38.23326,-27.43699,1029.43
11.919024944,177.3242,-31.0088,-322.8241,-0.2476286,-0.6689675,0.2867989,7.943286,41.13418,-30.3338,1029.428
11.939192772,203.6266,23.30901,-319.7729,-0.1534145,-0.5760242,0.2142652,7.943286,41.13418,-30.3338,1029.428
11.959360123,201.7125,36.46786,-305.0054,-0.07141215,-0.5562571,0.2390479,7.943286,41.13418,-30.3338,1029.426
11.979527950,100.0843,50.16749,-335.1508,-0.0484405,-0.2791737,0.3917572,-5.00402,37.9496,-36.44588,1029.426
11.999695301,20.80679,56.77695,-367.371,0.01296084,-0.09705683,0.4836646,-5.00402,37.9496,-36.44588,1029.426
12.019863129,-7.224341,58.09885,-374.7548,0.0725297,0.07307714,0.6032973,-14.05256,31.7995,-41.17918,1029.426
12.040030479,-21.6721,53.05162,-353.4577,0.1493835,0.2436923,0.8045394,-14.05256,31.7995,-41.17918,1029.432
12.060197353,-49.51801,59.30057,-335.7,0.2413594,0.2315263,0.7828226,-14.05256,31.7995,-41.17918,1029.432
12.080365181,-86.25483,81.71267,-348.2708,0.323872,0.09800397,0.7208343,-21.52666,26.04335,-45.42966,1029.432
12.100532532,-108.7291,115.5411,-400.2014,0.2863763,0.0451338,0.6853325,-21.52666,26.04335,-45.42966,1029.432
12.120700359,-105.4568,172.6229,-458.9667,0.1461352,-0.03594547,0.749788,-26.71964,20.30955,-48.74061,1029.43
12.140867710,-86.0696,253.0181,-489.6614,-0.1967155,-0.06062337,0.8742375,-26.71964,20.30955,-48.74061,1029.43
12.161035538,-80.88323,310.6406,-494.1771,-0.5085643,-0.02123922,1.021382,-25.73666,15.84542,-54.67611,1029.43
12.181202889,-157.5058,313.044,-483.9862,-0.6101996,0.02277292,1.293715,-25.73666,15.84542,-54.67611,1029.43
12.198849201,-174.6702,285.2843,-453.5357,-0.5288948,-0.01510282,1.391571,-25.73666,15.84542,-54.67611,1029.43
12.219016552,-178.6217,235.6532,-400.9948,-0.4850685,-0.03141827,1.500399,-13.23109,12.32841,-57.11829,1029.43
12.239184380,-213.3828,184.3397,-351.9322,-0.462113,-0.03449994,1.657226,-13.23109,12.32841,-57.11829,1029.434
12.259351730,-244.8098,124.8545,-296.6452,-0.4622336,-0.04311506,1.740521,-2.701772,20.00555,-52.33761,1029.434
12.279519558,-206.4059,71.85856,-259.238,-0.4756452,-0.1662841,1.874399,-2.701772,20.00555,-52.33761,1029.434
12.299686432,-164.2974,13.8755,-208.9549,-0.4036717,-0.159895,1.90514,-2.701772,20.00555,-52.33761,1029.434
12.319853783,-135.6489,-59.06899,-161.4179,-0.2726124,-0.2126111,1.780362,-3.15817,31.27856,-44.57301,1029.436
12.340021610,-145.466,-136.3397,-126.2076,-0.2238688,-0.3122368,1.572312,-3.15817,31.27856,-44.57301,1029.436
12.360188961,-164.6062,-201.8936,-89.77674,-0.1578049,-0.4328029,1.39957,-9.971296,37.16793,-39.68773,1029.439
12.380356788,-211.5923,-241.8508,-73.72766,-0.08467095,-0.4545203,1.373734,-9.971296,37.16793,-39.68773,1029.439
12.400524139,-251.3545,-279.1643,-60.79075,0.008978233,-0.4064546,1.265009,-9.971296,37.16793,-39.68773,1029.441
12.420691967,-283.2137,-316.8983,-44.37553,0.1221722,-0.4204865,1.177686,-20.22314,39.50064,-31.3243,1029.441
12.440859318,-318.5304,-360.4607,-28.63156,0.1861022,-0.3975225,1.043246,-20.22314,39.50064,-31.3243,1029.441
12.461026192,-349.4017,-396.6926,-13.07066,0.1946972,-0.38198,0.8665086,-30.11604,41.79578,-16.22658,1029.443
12.481194019,-334.8304,-406.1862,-0.8050107,0.1854418,-0.4795354,0.6346951,-30.11604,41.79578,-16.22658,1029.443
12.498840809,-291.4872,-397.7742,23.66527,0.173031,-0.4799304,0.5535836,-30.11604,41.79578,-16.22658,1029.44
12.519008160,-251.5397,-388.8814,72.05661,0.1557124,-0.3573786,0.4239486,-37.84633,43.58714,5.248163,1029.44
12.539175987,-212.5184,-375.7226,140.4025,0.06173191,-0.1837903,0.3482738,-37.84633,43.58714,5.248163,1029.44
12.559342861,-160.7164,-374.2204,222.8448,-0.02201755,-0.1121565,0.3717734,-37.61245,41.76364,25.79746,1029.44
12.579510212,-59.70553,-395.551,323.838,-0.1613853,-0.1735544,0.512414,-37.61245,41.76364,25.79746,1029.438
12.599678039,64.08833,-424.5726,436.0596,-0.5769057,-0.2873935,0.6632145,-28.1491,41.33431,38.97446,1029.438
12.619845390,146.3912,-455.2766,510.874,-1.012561,-0.280992,0.8131625,-28.1491,41.33431,38.97446,1029.44
12.640013218,142.9336,-491.8089,513.559,-1.274281,-0.492862,0.987866,-28.1491,41.33431,38.97446,1029.44
12.660180569,76.43685,-531.2253,479.2029,-1.297118,-0.8090678,1.003209,-3.663719,48.93649,39.0781,1029.439
12.680348396,0.7404513,-588.968,395.2961,-1.249652,-0.9661747,1.04581,-3.663719,48.93649,39.0781,1029.439
12.700515270,-46.30739,-593.9552,280.1455,-1.371819,-1.195511,0.8446273,37.1822,49.5519,18.37507,1029.439
12.720682621,57.17316,-489.5857,160.7843,-1.260664,-1.269857,0.6570805,37.1822,49.5519,18.37507,1029.439
12.740850449,122.8055,-400.1776,25.8621,-1.203696,-1.245926,0.5588325,37.1822,49.5519,18.37507,1029.442
12.761017799,147.7495,-372.7183,-87.57991,-1.223699,-1.124224,0.5092746,55.49398,32.05559,-9.389641,1029.442
12.781185627,146.0825,-364.6067,-168.7407,-1.164811,-1.080871,0.4664595,55.49398,32.05559,-9.389641,1029.444
12.798832416,134.2279,-357.6968,-224.8209,-1.102051,-1.035996,0.4246532,48.55037,24.61944,-25.763,1029.444
12.818999290,101.5661,-334.6237,-286.1492,-1.002234,-1.016074,0.3698691,48.55037,24.61944,-25.763,1029.443
12.839166641,61.80386,-305.7824,-336.5543,-0.8963098,-1.007534,0.2974862,48.55037,24.61944,-25.763,1029.443
12.859334469,25.99316,-250.9238,-372.0698,-0.8073122,-1.053796,0.3242486,33.26963,24.92748,-37.25493,1029.443
12.879501820,-17.28838,-209.825,-417.41,-0.655349,-1.101698,0.1948076,33.26963,24.92748,-37.25493,1029.443
12.899669647,-11.36109,-135.4384,-482.8268,-0.5436763,-1.08619,0.1172824,15.80361,28.90857,-41.5624,1029.446
12.919836998,27.10453,-50.89729,-552.4542,-0.4934122,-1.073803,0.04241254,15.80361,28.90857,-41.5624,1029.446
12.940003872,-11.79329,26.85409,-631.0519,-0.4897881,-0.9135969,0.3209152,-3.18023,30.85999,-41.88765,1029.444
12.960171700,-71.18964,107.5497,-693.5396,-0.6030572,-0.6709942,0.4083215,-3.18023,30.85999,-41.88765,1029.444
12.980339050,-66.99115,214.4428,-758.8954,-0.802211,-0.5487493,0.5532199,-3.18023,30.85999,-41.88765,1029.443
13.000506878,-63.10137,279.7564,-772.3815,-0.9671168,-0.4137488,0.8972982,-19.6638,27.57649,-45.37513,1029.443
13.020674229,-111.1371,316.4089,-732.6555,-1.140982,-0.215841,1.110001,-19.6638,27.57649,-45.37513,1029.441
13.040841579,-210.0487,316.0483,-680.2976,-1.167579,-0.1049422,1.496899,-26.44765,14.33776,-55.15755,1029.441
13.061009407,-290.314,297.662,-565.6962,-1.116041,0.1858548,1.790887,-26.44765,14.33776,-55.15755,1029.444
13.081176281,-338.041,237.3356,-400.6896,-0.8368924,0.3498202,2.063008,-26.44765,14.33776,-55.15755,1029.444
13.098823071,-351.8096,128.8802,-263.5096,-0.5177621,0.3529433,2.299457,-10.61317,5.600094,-60.81054,1029.444
13.118990898,-382.9279,-53.60116,-121.7529,-0.2002286,0.3135967,2.354034,-10.61317,5.600094,-60.81054,1029.444
13.139158249,-374.5309,-246.177,-28.57054,-0.1075646,0.04917196,2.270443,0.6868463,23.49886,-51.84472,1029.443
13.159326077,-423.925,-416.1605,18.23421,-0.2060253,-0.1526186,2.131202,0.6868463,23.49886,-51.84472,1029.443
13.179492950,-561.0552,-570.101,74.49754,-0.1733294,-0.09030011,1.942026,-7.498408,42.09949,-35.98903,1029.447
13.199660301,-655.5831,-677.3546,141.9281,-0.1696281,-0.03127633,1.687554,-7.498408,42.09949,-35.98903,1029.447
13.219828129,-591.0621,-701.329,221.9294,-0.1705956,0.2576629,1.338601,-7.498408,42.09949,-35.98903,1029.447
13.239995480,-388.9787,-655.3632,300.5882,-0.2419634,0.3225744,0.8895772,-22.68828,56.45734,-0.6466274,1029.446
13.260163307,-191.3407,-593.9552,402.863,-0.497732,0.3031358,0.6037365,-22.68828,56.45734,-0.6466274,1029.446
13.280330658,-81.43891,-570.7018,519.7224,-1.020085,-0.1410735,0.2776229,-16.28884,61.41787,29.14049,1029.445
13.300497532,99.7138,-527.1995,587.7021,-1.459334,-0.4446399,0.3412841,-16.28884,61.41787,29.14049,1029.445
13.320665836,299.5128,-469.8174,474.9313,-1.555259,-0.6836565,0.6717344,-16.28884,61.41787,29.14049,1029.445
13.340832710,219.3092,-525.2768,397.1878,-1.339671,-1.533144,1.014562,17.55411,58.32787,21.65166,1029.445
13.361000538,110.5188,-578.6332,357.1567,-1.260944,-1.833994,0.4615972,17.55411,58.32787,21.65166,1029.45
13.381167888,166.828,-406.4867,136.6801,-1.059497,-1.915991,-0.1543619,45.3505,44.72647,-4.925539,1029.45
13.398814678,183.0045,-230.9152,-72.01901,-0.6827369,-1.826784,-0.1026479,45.3505,44.72647,-4.925539,1029.45
13.418981552,156.27,-165.0007,-190.648,-0.6744409,-1.372182,0.3139252,45.3505,44.72647,-4.925539,1029.45
13.439149380,125.7074,-189.636,-278.3993,-0.5652393,-0.7993021,0.7145031,46.8756,27.92574,-22.6108,1029.449
13.459316730,123.9786,-255.6105,-335.0287,-0.3807355,-0.5818379,0.8577012,46.8756,27.92574,-22.6108,1029.449
13.479484558,131.2025,-313.3532,-352.4203,-0.3492441,-0.573638,0.7286432,38.89642,27.54237,-30.38851,1029.453
13.499651909,134.4131,-332.9413,-398.8589,-0.3159339,-0.7228001,0.5822172,38.89642,27.54237,-30.38851,1029.453
13.519819260,97.05887,-299.8339,-465.3131,-0.1515314,-1.023607,0.3803063,22.58681,32.33601,-37.35522,1029.452
13.539987087,93.66302,-212.7091,-567.2828,-0.388083,-0.9686852,0.08646556,22.58681,32.33601,-37.35522,1029.452
13.560153961,176.0894,-61.59261,-628.7331,-0.4644267,-0.9217045,-0.08597511,22.58681,32.33601,-37.35522,1029.45
13.580321789,187.5117,74.38217,-614.7588,-0.4987802,-0.6440312,0.143793,1.014989,33.1821,-41.77967,1029.45
13.600489139,66.00236,151.5327,-561.3635,-0.4026922,-0.5416237,0.3445898,1.014989,33.1821,-41.77967,1029.452
13.620656490,-135.4019,202.6059,-526.5193,-0.3478684,-0.4681786,0.6411579,-18.41692,24.5968,-45.83969,1029.452
13.640824318,-193.4399,256.8035,-514.7418,-0.4148188,-0.4145641,0.8447906,-18.41692,24.5968,-45.83969,1029.451
13.660991669,-106.4447,303.1299,-542.3243,-0.514869,-0.3095807,1.053294,-18.41692,24.5968,-45.83969,1029.451
13.681158543,27.28976,305.5333,-545.0093,-0.5410811,-0.1122171,1.158793,-20.25692,12.11011,-50.52285,1029.453
13.698805332,26.0549,272.9666,-483.8032,-0.5200002,0.1547059,1.497542,-20.25692,12.11011,-50.52285,1029.453
13.718973160,-91.25598,179.8933,-359.0719,-0.3662743,0.307299,1.553367,-10.83742,10.46027,-55.36845,1029.452
13.739140510,-158.2467,72.0989,-283.0981,-0.4160552,0.3005585,1.599407,-10.83742,10.46027,-55.36845,1029.452
13.759308338,-99.46774,22.64807,-226.7737,-0.4121598,0.2077434,1.648092,-10.83742,10.46027,-55.36845,1029.454
13.779475212,-104.5306,-40.08179,-177.1008,-0.3176897,0.1614247,1.642055,3.122636,8.371916,-55.5223,1029.454
13.799642563,-128.9807,-109.5413,-135.6661,-0.2222513,0.1151442,1.48788,3.122636,8.371916,-55.5223,1029.455
13.819810390,-136.0193,-158.9921,-107.7786,-0.1529525,0.01508335,1.410649,4.782426,16.35468,-55.45104,1029.455
13.839977741,-149.1088,-192.8807,-81.17249,-0.08564686,-0.1138849,1.351129,4.782426,16.35468,-55.45104,1029.454
13.860145569,-152.6281,-217.9967,-45.84008,-0.0529572,-0.1321693,1.295335,-3.99814,24.55043,-51.85343,1029.454
13.880312920,-172.8179,-244.1942,-11.42304,0.02651408,-0.1819886,1.270844,-3.99814,24.55043,-51.85343,1029.455
13.900479794,-193.9339,-278.0226,37.94468,0.03212089,-0.09798373,1.196904,-3.99814,24.55043,-51.85343,1029.455
13.920647621,-234.684,-315.276,119.4716,0.07463466,0.09190226,1.205927,-16.26524,31.47303,-46.60686,1029.458
13.940814972,-270.1242,-361.0015,240.6635,0.06832121,0.1816537,1.167302,-16.26524,31.47303,-46.60686,1029.458
13.960982800,-270.5564,-399.8171,356.2413,0.04945255,0.1545884,1.115036,-30.17376,38.22813,-32.42197,1029.458
13.981150150,-218.7544,-410.9931,425.0754,-0.07688989,0.03663391,1.002126,-30.17376,38.22813,-32.42197,1029.458
13.998796940,-202.0839,-410.1519,446.9217,-0.2132746,-0.06395593,0.8847353,-30.17376,38.22813,-32.42197,1029.458
14.018963814,-184.9195,-417.1219,474.2601,-0.3809088,-0.2047536,0.6930462,-36.20687,49.20712,-11.75655,1029.458
14.039131641,-122.683,-424.2721,503.4902,-0.5347981,-0.3527429,0.6628948,-36.20687,49.20712,-11.75655,1029.458
14.059298992,-50.07369,-428.0576,526.679,-0.6691605,-0.4515626,0.6642547,-22.99533,63.16611,6.67642,1029.457
14.079466343,38.09471,-411.3536,524.177,-0.726375,-0.5337195,0.6999681,-22.99533,63.16611,6.67642,1029.457
14.099634171,138.5499,-327.3533,469.6223,-0.7280084,-0.8497842,0.6434739,5.893382,66.32161,7.251681,1029.458
14.119801044,177.6947,-270.8724,434.7171,-0.509083,-0.7943777,0.6674773,5.893382,66.32161,7.251681,1029.458
14.139969349,129.1033,-267.3273,391.2076,-0.5308688,-0.6430076,0.857895,5.893382,66.32161,7.251681,1029.456
14.160136223,81.06754,-293.0442,334.8832,-0.5231091,-0.8235585,0.7874481,32.70613,54.83951,-7.717875,1029.456
14.180303574,57.54362,-316.8983,237.5514,-0.4257319,-1.08427,0.5842792,32.70613,54.83951,-7.717875,1029.455
14.200471401,46.9239,-310.8296,126.1841,-0.3057526,-1.191649,0.4095592,43.53738,35.85489,-20.32582,1029.455
14.220638752,22.84429,-276.3402,2.673308,-0.3070668,-1.198384,0.3997599,43.53738,35.85489,-20.32582,1029.456
14.240805626,1.543105,-244.4345,-108.2668,-0.4158912,-1.131494,0.5104282,43.53738,35.85489,-20.32582,1029.456
14.260973930,5.618114,-222.443,-189.7937,-0.4908409,-1.015518,0.5903978,39.77311,24.18093,-30.86493,1029.456
14.281140804,26.24013,-203.9966,-255.5156,-0.503492,-1.009505,0.5489922,39.77311,24.18093,-30.86493,1029.456
14.301308632,34.4519,-180.8034,-317.5761,-0.5272711,-0.976231,0.4840133,30.18556,23.36068,-36.43538,1029.455
14.318955422,29.57423,-146.3741,-370.056,-0.4896895,-1.071314,0.3846027,30.18556,23.36068,-36.43538,1029.455
14.339122772,20.37459,-93.61848,-425.6481,-0.4908576,-1.147836,0.2531509,30.18556,23.36068,-36.43538,1029.453
14.359289646,8.334787,-25.78131,-482.5217,-0.5156655,-1.024496,0.3228037,17.35933,26.94925,-38.86808,1029.453
14.379457474,-15.99179,37.00864,-521.5154,-0.4856237,-0.9004162,0.4698345,17.35933,26.94925,-38.86808,1029.455
14.399624824,-42.72632,94.87152,-539.6393,-0.4235518,-0.7951919,0.6170332,4.167707,29.4459,-39.97623,1029.455
14.419792175,-42.97329,143.361,-599.9301,-0.352007,-0.6983597,0.7457415,4.167707,29.4459,-39.97623,1029.454
14.439960003,-2.099707,171.7216,-670.5339,-0.3059422,-0.6875787,0.9212675,-8.609892,30.75197,-40.64378,1029.454
14.460127354,49.45534,192.211,-739.246,-0.4501264,-0.6205927,0.9560784,-8.609892,30.75197,-40.64378,1029.455
14.480295181,87.48877,213.6617,-747.301,-0.6511508,-0.4185692,0.9492345,-8.609892,30.75197,-40.64378,1029.455
14.500462055,28.70984,228.8034,-681.274,-0.7703598,-0.2281753,1.042741,-19.58745,25.71971,-46.74369,1029.459
14.520629406,-79.64838,190.6487,-563.0721,-0.6529249,0.1338881,1.23904,-19.58745,25.71971,-46.74369,1029.459
14.540797233,-131.1417,147.3867,-460.6143,-0.5322723,0.2189045,1.328064,-20.84942,8.343195,-54.62008,1029.458
14.560964584,-154.5421,92.52817,-372.558,-0.5160405,0.2504119,1.417575,-20.84942,8.343195,-54.62008,1029.458
14.581131935,-172.7562,57.0173,-324.2277,-0.5098004,0.267122,1.509153,-20.84942,8.343195,-54.62008,1029.458
14.598778248,-127.8076,40.91423,-280.1689,-0.4612956,0.3667597,1.508534,-11.40872,3.609223,-58.54456,1029.458
14.618946075,-91.00901,7.746721,-198.642,-0.3398909,0.3864537,1.565757,-11.40872,3.609223,-58.54456,1029.462
14.639113426,-101.4435,-43.08609,-138.7783,-0.2288999,0.1499362,1.546514,-7.812181,12.03218,-56.57349,1029.462
14.659280777,-96.44236,-79.55834,-119.9222,-0.1899611,-0.04034853,1.389088,-7.812181,12.03218,-56.57349,1029.463
14.679448605,-81.68588,-85.32661,-108.6939,-0.04570559,0.008334835,1.313332,-7.812181,12.03218,-56.57349,1029.463
14.699615478,-42.29412,-82.38239,-86.05434,-0.08146583,0.05640503,1.253945,-11.49916,16.88642,-54.33526,1029.462
14.719783306,-32.1066,-81.06049,-79.6469,-0.005912286,-0.1366822,1.250976,-11.49916,16.88642,-54.33526,1029.462
14.739950657,-36.11987,-104.3739,-80.80634,0.013709,-0.09542528,1.295829,-18.92741,18.98026,-51.75382,1029.468
14.760118008,-70.14002,-138.623,-75.61938,0.04786946,-0.1259874,1.303472,-18.92741,18.98026,-51.75382,1029.468
14.780285835,-94.52834,-181.6446,-69.63911,0.09312673,-0.1130923,1.265756,-25.13649,17.6687,-46.50327,1029.467
14.800453186,-92.67606,-214.0911,-63.35373,0.1087611,-0.1075576,1.227797,-25.13649,17.6687,-46.50327,1029.467
14.820620060,-99.71471,-239.6877,-46.02315,0.1442901,-0.1512025,1.184496,-25.13649,17.6687,-46.50327,1029.468
14.840787888,-131.2034,-274.6578,-19.11195,0.1917457,-0.1882849,1.188176,-33.66573,15.89475,-38.16183,1029.468
14.860955238,-178.0043,-314.3747,16.34249,0.2626343,-0.1770915,1.076665,-33.66573,15.89475,-38.16183,1029.468
14.881123066,-206.0354,-345.1989,43.37574,0.2897562,-0.1140205,0.947808,-41.87369,14.37557,-25.77426,1029.468
14.901290417,-191.5259,-343.3362,75.29083,0.3176492,-0.05515189,0.7542015,-41.87369,14.37557,-25.77426,1029.467
14.918936729,-184.1168,-334.5636,118.4342,0.2967467,-0.01427547,0.663819,-41.87369,14.37557,-25.77426,1029.467
14.939104080,-168.0637,-322.9069,191.845,0.3419589,-0.02923076,0.6390153,-48.29542,15.13904,-9.286844,1029.467
14.959271908,-157.3205,-305.7223,259.5807,0.2761765,0.0179671,0.3672041,-48.29542,15.13904,-9.286844,1029.468
14.979439259,-140.0944,-284.6922,326.7672,0.1471333,0.0304719,0.2368214,-48.63812,19.06806,7.418492,1029.468
